Equipa,JogosDisputados,Vitórias,Empates,Derrotas,GolosMarcados,DiferençaDeGolos,Pontos,GolosEsperadosSofridos,DiferençaDeGolosEsperados,Assistências,Golos+Assistências,ConduçõesProgressivas,JogosSemSofrerGolos,%DeJogosSemSofrerGolos,%DeDefesas,RematesÀBalizaSofridos,GolosEsperadosAposRemate,GolosEsperadosAposRemate+/-,AcoesForaDaGrandeArea,Remates,RematesÀBaliza,%DeRematesÀBaliza,GolosEsperados,%DePassesCompletos,DistanciaTotalPercorrida,DistanciaProgressivaPercorrida,Assistencias,PassesChave,TentativasDePasse,BolasEmProfundidade,InversoesDeJogo,AcoesQueCriamRemates,AcoesQueCriamRematesPor90minutos,AcoesQueCriamGolos,AcoesQueCriamGolosPor90minutos,Desarmes,Intercecoes,Bloqueamentos,Desarmes+Intercecoes,Alivios,PosseDeBola,ToquesNaBola,ConducoesProgressivas,RececoesProgressivas,SaldoDeGolos+/-,SaldoDeGolos+/-Por90minutos,SaldoDeGolosEsperados+/-,SaldoDeGolosEsperados+/-Por90minutos,%DeDuelosAéreosGanhos,Epoca,Golos,GolosSofridos,GolosEsperadosAssistidos,GolosEsperadosSemPenáltis,PassesProgressivos
Sporting CP,34,25,7,2,88,61,82,23.4,48.8,56,142,797.0,15,44.1,68.5,73.0,24.2,-0.8,36.0,611.0,210.0,34.4,72.2,85.4,281706.0,93683.0,56.0,482.0,19150.0,66.0,94.0,1108.0,32.59,145.0,4.26,545.0,252.0,318.0,797.0,556.0,60.1,22870.0,797.0,1767.0,61.0,1.79,48.8,1.43,53.1,2024-2025,86.0,27,50.1,62.6,1786.0
Benfica,34,25,5,4,84,56,80,29.2,49.5,58,139,684.0,15,44.1,75.5,106.0,34.5,6.5,19.0,559.0,213.0,38.1,78.8,82.1,278683.0,97148.0,58.0,425.0,18762.0,85.0,167.0,989.0,29.09,140.0,4.12,625.0,311.0,316.0,936.0,493.0,58.0,22577.0,684.0,1861.0,56.0,1.65,49.5,1.46,55.4,2024-2025,81.0,28,55.5,69.7,1874.0
Porto,34,22,5,7,65,35,71,30.4,26.1,44,109,578.0,16,47.1,74.2,93.0,32.5,3.5,53.0,474.0,170.0,35.9,56.5,84.0,289504.0,92682.0,44.0,363.0,19080.0,75.0,100.0,872.0,25.65,115.0,3.38,472.0,253.0,300.0,725.0,521.0,61.7,22533.0,578.0,1631.0,35.0,1.03,26.1,0.77,50.7,2024-2025,65.0,30,37.8,47.8,1644.0
Braga,34,19,9,6,55,25,66,34.2,17.1,40,94,602.0,15,44.1,78.0,123.0,31.0,2.0,59.0,459.0,155.0,33.8,51.3,81.1,279688.0,90896.0,40.0,346.0,18810.0,49.0,97.0,808.0,23.76,96.0,2.82,571.0,280.0,333.0,851.0,795.0,56.8,22526.0,602.0,1496.0,25.0,0.74,17.1,0.5,48.3,2024-2025,54.0,30,36.9,46.5,1510.0
Santa Clara,34,17,6,11,36,4,57,32.9,9.7,25,60,401.0,11,32.4,75.4,114.0,29.1,-2.9,27.0,378.0,124.0,32.8,42.6,73.5,177459.0,66893.0,25.0,261.0,13021.0,39.0,96.0,631.0,18.56,54.0,1.59,559.0,288.0,335.0,847.0,966.0,44.6,16921.0,401.0,858.0,4.0,0.12,9.7,0.28,51.5,2024-2025,35.0,32,28.6,39.4,867.0
Vitória,34,14,12,8,47,10,54,32.4,12.2,27,70,504.0,13,38.2,68.0,100.0,32.9,-4.1,35.0,444.0,141.0,31.8,44.6,80.7,251517.0,93103.0,27.0,322.0,17462.0,50.0,102.0,778.0,22.88,74.0,2.18,528.0,267.0,319.0,795.0,764.0,56.7,21137.0,504.0,1526.0,10.0,0.29,12.2,0.36,49.8,2024-2025,43.0,37,31.3,42.2,1535.0
Famalicão,34,12,11,11,44,5,47,43.0,-3.9,29,72,437.0,13,38.2,74.6,138.0,47.0,9.0,27.0,381.0,124.0,32.5,39.1,78.0,217884.0,81286.0,29.0,271.0,15101.0,28.0,161.0,685.0,20.15,74.0,2.18,560.0,296.0,323.0,856.0,800.0,50.4,18939.0,437.0,1230.0,5.0,0.15,-3.9,-0.12,52.4,2024-2025,43.0,39,24.9,34.4,1250.0
Estoril,34,12,10,12,48,-5,46,58.2,-16.9,28,75,403.0,7,20.6,69.5,151.0,56.1,3.1,56.0,328.0,112.0,34.1,41.3,78.4,208632.0,80292.0,28.0,244.0,15103.0,51.0,86.0,578.0,17.0,76.0,2.24,530.0,324.0,331.0,854.0,901.0,48.9,19080.0,403.0,1039.0,-5.0,-0.15,-16.9,-0.5,47.4,2024-2025,47.0,53,27.3,34.9,1053.0
Casa Pia,34,12,9,13,39,-5,45,45.1,-11.8,26,62,397.0,7,20.6,77.3,163.0,45.4,2.4,27.0,314.0,98.0,31.2,33.3,75.5,193547.0,74313.0,26.0,221.0,13791.0,37.0,112.0,557.0,16.38,63.0,1.85,497.0,297.0,364.0,794.0,907.0,46.7,17574.0,397.0,951.0,-5.0,-0.15,-11.8,-0.35,49.7,2024-2025,36.0,44,22.9,30.2,960.0
Moreirense,34,10,10,14,42,-8,40,39.5,-6.1,28,69,416.0,7,20.6,67.2,137.0,46.7,-3.3,30.0,342.0,125.0,36.5,33.4,78.3,200798.0,74493.0,28.0,262.0,14487.0,25.0,79.0,622.0,18.29,67.0,1.97,547.0,283.0,336.0,830.0,1015.0,47.5,18482.0,416.0,927.0,-8.0,-0.24,-6.1,-0.18,47.2,2024-2025,41.0,50,21.9,29.5,936.0
Rio Ave,34,9,11,14,39,-16,38,54.4,-15.5,20,59,493.0,5,14.7,69.2,169.0,53.1,3.1,29.0,371.0,123.0,33.2,38.9,78.4,214360.0,79707.0,20.0,261.0,14661.0,40.0,95.0,646.0,19.0,60.0,1.76,597.0,312.0,359.0,909.0,959.0,47.8,18711.0,493.0,1041.0,-16.0,-0.47,-15.5,-0.46,48.0,2024-2025,39.0,55,25.0,35.8,1051.0
Arouca,34,9,11,14,35,-14,38,46.6,-6.0,18,52,418.0,8,23.5,71.4,140.0,46.1,-0.9,50.0,390.0,119.0,30.5,40.7,79.0,228976.0,85117.0,18.0,262.0,15955.0,70.0,76.0,699.0,20.56,60.0,1.76,552.0,297.0,376.0,849.0,852.0,52.3,19785.0,418.0,1175.0,-14.0,-0.41,-6.0,-0.18,48.8,2024-2025,34.0,49,25.2,33.5,1184.0
Gil Vicente FC,34,8,10,16,34,-13,34,42.1,-8.3,20,53,451.0,7,20.6,68.0,128.0,44.0,-2.0,36.0,325.0,95.0,29.2,33.8,80.6,244400.0,82726.0,20.0,246.0,16155.0,55.0,115.0,578.0,17.0,54.0,1.59,539.0,310.0,357.0,849.0,868.0,50.6,19987.0,451.0,1091.0,-13.0,-0.38,-8.3,-0.24,48.8,2024-2025,33.0,47,24.6,30.7,1100.0
Nacional,34,9,7,18,32,-18,34,48.2,-10.4,21,52,466.0,8,23.5,73.7,156.0,51.7,1.7,26.0,451.0,129.0,28.6,37.8,74.6,194690.0,74456.0,21.0,333.0,13055.0,46.0,165.0,779.0,22.91,52.0,1.53,555.0,287.0,387.0,842.0,878.0,47.5,17042.0,466.0,955.0,-18.0,-0.53,-10.4,-0.31,49.9,2024-2025,31.0,50,25.6,33.9,960.0
Estrela,34,7,8,19,24,-26,29,45.7,-16.3,16,39,354.0,7,20.6,69.8,149.0,49.1,1.1,30.0,327.0,89.0,27.2,29.4,73.3,180030.0,72137.0,16.0,227.0,12566.0,59.0,86.0,539.0,15.85,41.0,1.21,613.0,306.0,388.0,919.0,969.0,44.8,16764.0,354.0,863.0,-26.0,-0.76,-16.3,-0.48,48.1,2024-2025,23.0,50,18.8,26.3,875.0
AVS Futebol,34,5,12,17,25,-35,27,55.0,-23.3,17,42,388.0,8,23.5,67.4,175.0,60.5,1.5,24.0,341.0,87.0,25.5,31.7,75.7,191661.0,76821.0,17.0,242.0,13626.0,28.0,69.0,594.0,17.47,44.0,1.29,565.0,303.0,390.0,868.0,929.0,44.0,17581.0,388.0,863.0,-35.0,-1.03,-23.3,-0.68,54.6,2024-2025,25.0,60,22.0,27.7,877.0
Farense,34,6,9,19,25,-21,27,51.4,-20.9,18,43,354.0,7,20.6,72.8,147.0,47.2,3.2,25.0,384.0,114.0,29.7,30.5,70.1,170392.0,72021.0,18.0,264.0,11632.0,20.0,107.0,641.0,18.85,43.0,1.26,589.0,327.0,390.0,916.0,992.0,41.3,15786.0,354.0,866.0,-21.0,-0.62,-20.9,-0.61,48.7,2024-2025,25.0,46,21.4,28.2,877.0
Boavista,34,6,6,22,24,-35,24,56.2,-24.0,8,31,264.0,7,20.6,69.4,173.0,57.1,1.1,25.0,345.0,102.0,29.6,32.1,71.3,163678.0,69336.0,8.0,229.0,12251.0,40.0,92.0,587.0,17.26,33.0,0.97,565.0,313.0,336.0,878.0,843.0,40.3,15990.0,264.0,880.0,-35.0,-1.03,-24.0,-0.71,49.1,2024-2025,23.0,59,17.5,26.9,886.0
Sporting CP,34,29,3,2,96,67,90,26.4,46.2,67,160,719.0,16,47.1,68.4,79.0,24.4,-4.6,18.0,555.0,211.0,38.0,72.5,84.1,275295.0,97248.0,67.0,431.0,19452.0,63.0,77.0,985.0,28.97,159.0,4.68,562.0,216.0,281.0,778.0,420.0,59.1,22840.0,719.0,1647.0,67.0,1.97,46.2,1.36,54.1,2023-2024,93.0,29,55.5,69.2,1669.0
Benfica,34,25,5,4,77,49,80,32.1,45.0,59,135,807.0,16,47.1,78.8,113.0,35.5,7.5,21.0,581.0,231.0,39.8,77.0,83.8,289741.0,101234.0,59.0,455.0,20589.0,91.0,138.0,1046.0,30.76,132.0,3.88,657.0,298.0,397.0,955.0,457.0,59.1,24432.0,807.0,1868.0,49.0,1.44,45.0,1.32,51.6,2023-2024,76.0,28,59.0,72.3,1880.0
Porto,34,22,6,6,63,36,72,28.5,36.0,46,108,819.0,13,38.2,71.6,81.0,26.1,1.1,57.0,563.0,177.0,31.4,64.5,83.3,293647.0,97602.0,46.0,430.0,19449.0,96.0,102.0,1026.0,30.18,110.0,3.24,484.0,215.0,308.0,699.0,440.0,63.1,22988.0,819.0,1856.0,36.0,1.06,36.0,1.06,52.8,2023-2024,62.0,27,46.8,58.0,1869.0
Braga,34,21,5,8,71,21,68,47.7,15.9,49,119,601.0,6,17.6,65.4,127.0,46.4,-1.6,72.0,545.0,202.0,37.1,63.7,81.7,280854.0,100241.0,49.0,422.0,18817.0,46.0,108.0,992.0,29.18,119.0,3.5,518.0,310.0,328.0,828.0,593.0,56.8,22609.0,601.0,1664.0,21.0,0.62,15.9,0.47,50.3,2023-2024,70.0,50,48.1,59.7,1678.0
Vitória,34,19,6,9,52,14,63,39.3,5.8,35,84,467.0,10,29.4,73.8,126.0,45.5,8.5,39.0,452.0,135.0,29.9,45.1,75.3,207172.0,85898.0,35.0,336.0,15030.0,39.0,104.0,786.0,23.12,85.0,2.5,505.0,277.0,366.0,782.0,643.0,48.6,18766.0,467.0,1353.0,14.0,0.41,5.8,0.17,54.5,2023-2024,49.0,38,32.3,39.0,1361.0
Moreirense,34,16,7,11,36,1,55,32.5,0.3,30,65,503.0,16,47.1,73.4,128.0,35.2,1.2,18.0,393.0,110.0,28.0,32.8,77.8,217860.0,82989.0,30.0,297.0,14914.0,35.0,76.0,674.0,19.82,62.0,1.82,532.0,318.0,382.0,850.0,797.0,46.2,18755.0,503.0,1047.0,1.0,0.03,0.3,0.01,47.2,2023-2024,35.0,35,25.6,30.5,1054.0
Arouca,34,13,7,14,54,4,46,49.5,-1.9,38,89,473.0,5,14.7,71.3,150.0,51.4,2.4,69.0,459.0,157.0,34.2,47.6,80.2,254209.0,90188.0,38.0,332.0,17348.0,51.0,98.0,793.0,23.32,83.0,2.44,530.0,262.0,361.0,792.0,637.0,53.7,20905.0,473.0,1306.0,4.0,0.12,-1.9,-0.06,50.1,2023-2024,51.0,50,32.1,42.5,1317.0
Famalicão,34,10,12,12,37,-4,42,45.7,-9.9,23,60,507.0,8,23.5,74.5,149.0,49.2,10.2,49.0,446.0,118.0,26.5,35.8,77.9,228716.0,86213.0,23.0,316.0,14426.0,25.0,174.0,770.0,22.65,64.0,1.88,548.0,299.0,372.0,847.0,687.0,47.1,18291.0,507.0,968.0,-4.0,-0.12,-9.9,-0.29,55.1,2023-2024,37.0,41,24.2,32.0,976.0
Casa Pia,34,10,8,16,38,-12,38,43.1,-13.7,27,64,472.0,10,29.4,69.2,159.0,47.6,-2.4,22.0,352.0,115.0,32.7,29.4,77.2,198436.0,79271.0,27.0,256.0,14094.0,51.0,95.0,613.0,18.03,70.0,2.06,499.0,286.0,366.0,785.0,712.0,43.8,17791.0,472.0,972.0,-12.0,-0.35,-13.7,-0.4,44.6,2023-2024,37.0,50,19.5,26.2,985.0
Farense,34,10,7,17,46,-5,37,55.6,-11.4,26,72,406.0,7,20.6,76.6,192.0,62.6,12.6,18.0,389.0,142.0,36.5,44.3,71.7,191166.0,75812.0,26.0,260.0,13093.0,30.0,110.0,645.0,18.97,75.0,2.21,515.0,332.0,472.0,847.0,1004.0,42.4,17135.0,406.0,932.0,-5.0,-0.15,-11.4,-0.33,47.9,2023-2024,46.0,51,27.6,39.1,944.0
Rio Ave,34,6,19,9,38,-5,37,42.5,-3.8,22,58,451.0,10,29.4,74.1,158.0,47.0,5.0,32.0,346.0,98.0,28.3,38.7,78.6,229619.0,83476.0,22.0,250.0,15665.0,35.0,109.0,601.0,17.68,63.0,1.85,541.0,289.0,403.0,830.0,755.0,48.7,19527.0,451.0,1075.0,-5.0,-0.15,-3.8,-0.11,50.5,2023-2024,36.0,43,25.5,31.9,1085.0
Gil Vicente FC,34,9,9,16,42,-10,36,49.4,-8.9,28,70,565.0,9,26.5,69.5,154.0,47.7,-2.3,39.0,351.0,128.0,36.5,40.5,78.0,228900.0,82263.0,28.0,271.0,16065.0,55.0,84.0,629.0,18.5,70.0,2.06,540.0,303.0,373.0,843.0,677.0,49.3,19718.0,565.0,1138.0,-10.0,-0.29,-8.9,-0.26,50.8,2023-2024,42.0,52,25.4,34.4,1144.0
Estoril,34,9,6,19,49,-9,33,51.7,-12.5,27,76,570.0,10,29.4,66.5,167.0,52.8,-2.2,38.0,391.0,135.0,34.5,39.2,79.0,228158.0,82076.0,27.0,281.0,15367.0,45.0,122.0,675.0,19.85,85.0,2.5,538.0,269.0,359.0,807.0,687.0,48.7,19136.0,570.0,1052.0,-9.0,-0.26,-12.5,-0.37,43.4,2023-2024,49.0,58,26.5,37.7,1060.0
Estrela,34,7,12,15,33,-20,33,49.4,-10.8,18,47,405.0,7,20.6,65.5,148.0,51.1,-0.9,48.0,369.0,105.0,28.5,38.6,75.0,210850.0,84151.0,18.0,281.0,14750.0,38.0,106.0,631.0,18.56,50.0,1.47,574.0,281.0,390.0,855.0,709.0,47.0,18594.0,405.0,1046.0,-20.0,-0.59,-10.8,-0.32,51.8,2023-2024,29.0,53,29.7,37.8,1057.0
Boavista,34,7,11,16,39,-23,32,53.9,-17.8,18,55,411.0,3,8.8,66.3,172.0,58.3,-2.7,24.0,334.0,106.0,31.7,36.1,77.5,220400.0,80189.0,18.0,242.0,15162.0,34.0,159.0,593.0,17.44,63.0,1.85,554.0,273.0,348.0,827.0,705.0,48.2,18742.0,411.0,1000.0,-23.0,-0.68,-17.8,-0.52,51.0,2023-2024,37.0,62,24.8,32.3,1008.0
Portimonense,34,8,8,18,39,-33,32,56.7,-21.4,30,69,516.0,3,8.8,61.5,174.0,66.9,-0.1,25.0,375.0,118.0,31.5,35.3,75.0,196527.0,77344.0,30.0,273.0,13854.0,15.0,94.0,648.0,19.06,68.0,2.0,661.0,356.0,402.0,1017.0,811.0,44.7,17990.0,516.0,968.0,-33.0,-0.97,-21.4,-0.63,44.9,2023-2024,39.0,72,23.8,30.6,976.0
Vizela,34,5,11,18,36,-30,26,51.4,-10.9,25,59,462.0,8,23.5,62.1,161.0,54.1,-9.9,46.0,420.0,134.0,31.9,40.6,78.2,210202.0,85979.0,25.0,317.0,15405.0,43.0,93.0,746.0,21.94,58.0,1.71,521.0,266.0,384.0,787.0,766.0,49.6,19292.0,462.0,1234.0,-30.0,-0.88,-10.9,-0.32,49.3,2023-2024,34.0,66,28.8,37.4,1244.0
Chaves,34,5,8,21,31,-41,23,60.5,-26.3,18,48,414.0,4,11.8,64.1,184.0,65.3,-6.7,15.0,374.0,111.0,29.7,34.3,74.9,191781.0,77406.0,18.0,268.0,13419.0,26.0,121.0,641.0,18.85,46.0,1.35,473.0,294.0,364.0,767.0,730.0,43.8,17046.0,414.0,917.0,-41.0,-1.21,-26.3,-0.77,49.5,2023-2024,30.0,72,22.5,29.5,925.0
Benfica,34,28,3,3,82,62,87,23.0,64.1,51,129,763.0,21,61.8,75.3,73.0,20.3,1.3,29.0,568.0,193.0,34.0,87.1,84.5,315310.0,103650.0,51.0,437.0,22135.0,73.0,155.0,1025.0,30.15,137.0,4.03,660.0,364.0,327.0,1024.0,390.0,63.2,25943.0,763.0,1944.0,62.0,1.82,64.1,1.89,54.1,2022-2023,78.0,20,61.3,77.0,1955.0
Porto,34,27,4,3,73,51,85,27.8,46.1,49,120,741.0,17,50.0,77.2,79.0,25.1,6.1,45.0,509.0,180.0,35.4,74.0,81.5,273118.0,97649.0,49.0,391.0,18528.0,142.0,131.0,908.0,26.71,123.0,3.62,593.0,333.0,324.0,926.0,487.0,58.4,22214.0,741.0,1604.0,51.0,1.5,46.1,1.36,59.0,2022-2023,71.0,22,52.6,65.2,1624.0
Braga,34,25,3,6,75,45,78,39.6,19.4,50,122,613.0,17,50.0,77.0,113.0,33.3,3.3,54.0,552.0,217.0,39.3,59.0,80.3,276959.0,96649.0,50.0,407.0,18309.0,66.0,189.0,978.0,28.76,121.0,3.56,530.0,374.0,373.0,904.0,587.0,54.3,22055.0,613.0,1498.0,45.0,1.32,19.4,0.57,52.0,2022-2023,72.0,30,40.8,54.2,1511.0
Sporting CP,34,23,5,6,71,39,74,28.4,41.5,51,117,875.0,14,41.2,70.5,95.0,32.8,1.8,31.0,544.0,185.0,34.0,69.9,84.4,315993.0,98694.0,51.0,414.0,21201.0,89.0,135.0,980.0,28.82,114.0,3.35,595.0,293.0,295.0,888.0,363.0,63.1,24715.0,875.0,1834.0,39.0,1.15,41.5,1.22,54.8,2022-2023,66.0,32,50.1,62.0,1847.0
Arouca,34,15,9,10,36,-1,54,50.4,-10.8,23,59,400.0,15,44.1,78.5,149.0,47.6,11.6,31.0,355.0,119.0,33.5,39.7,77.5,223596.0,87751.0,23.0,268.0,15448.0,78.0,132.0,603.0,17.74,60.0,1.76,568.0,355.0,369.0,923.0,777.0,47.9,19341.0,400.0,1019.0,-1.0,-0.03,-10.8,-0.32,49.0,2022-2023,36.0,37,26.1,35.0,1022.0
Vitória,34,16,5,13,34,-5,53,41.2,-6.0,25,59,516.0,14,41.2,71.1,128.0,40.6,2.6,45.0,396.0,115.0,29.0,35.1,76.8,210741.0,83755.0,25.0,271.0,14815.0,54.0,119.0,690.0,20.29,59.0,1.74,579.0,350.0,359.0,929.0,703.0,47.8,18730.0,516.0,1122.0,-5.0,-0.15,-6.0,-0.18,46.0,2022-2023,34.0,39,24.9,31.4,1132.0
Chaves,34,12,10,12,35,-5,46,54.8,-9.9,17,51,521.0,10,29.4,79.8,168.0,49.4,9.4,55.0,443.0,140.0,31.6,44.9,77.2,211796.0,86357.0,17.0,325.0,14227.0,50.0,110.0,786.0,23.12,55.0,1.62,477.0,336.0,428.0,813.0,739.0,46.3,18162.0,521.0,1204.0,-5.0,-0.15,-9.9,-0.29,49.1,2022-2023,34.0,40,26.9,37.1,1209.0
Famalicão,34,13,5,16,39,-8,44,48.0,-10.4,31,68,515.0,10,29.4,74.4,156.0,44.4,-0.6,33.0,425.0,115.0,27.1,37.6,78.0,224596.0,85561.0,31.0,323.0,14900.0,39.0,179.0,746.0,21.94,70.0,2.06,587.0,330.0,396.0,917.0,717.0,47.1,18864.0,515.0,1089.0,-8.0,-0.24,-10.4,-0.31,49.1,2022-2023,37.0,47,29.1,33.7,1096.0
Boavista,34,12,8,14,43,-11,44,47.7,-7.0,35,78,518.0,6,17.6,65.7,143.0,52.7,0.7,25.0,365.0,118.0,32.3,40.8,77.8,221552.0,81190.0,35.0,275.0,15388.0,41.0,123.0,643.0,18.91,82.0,2.41,562.0,362.0,282.0,924.0,636.0,48.4,18985.0,518.0,1076.0,-11.0,-0.32,-7.0,-0.2,43.3,2022-2023,43.0,54,28.8,37.6,1087.0
Casa Pia,34,11,8,15,31,-9,41,48.6,-10.9,20,49,503.0,11,32.4,77.0,152.0,47.6,9.6,30.0,378.0,112.0,29.6,37.6,75.7,189632.0,74859.0,20.0,291.0,13947.0,42.0,64.0,655.0,19.26,51.0,1.5,551.0,350.0,414.0,901.0,709.0,42.0,17817.0,503.0,1049.0,-9.0,-0.26,-10.9,-0.32,46.4,2022-2023,29.0,40,27.6,34.5,1062.0
Vizela,34,11,7,16,34,-4,40,41.7,0.6,24,54,419.0,11,32.4,77.7,139.0,39.9,2.9,36.0,406.0,148.0,36.5,42.2,75.0,190235.0,80839.0,24.0,295.0,14729.0,55.0,83.0,680.0,20.0,49.0,1.44,558.0,381.0,370.0,939.0,817.0,45.5,18528.0,419.0,1143.0,-4.0,-0.12,0.6,0.02,47.7,2022-2023,30.0,38,30.5,40.0,1150.0
Rio Ave,34,10,10,14,36,-7,40,48.7,-13.0,29,64,523.0,10,29.4,72.7,154.0,46.2,6.2,31.0,380.0,116.0,30.5,35.8,79.7,239467.0,86039.0,29.0,280.0,15875.0,40.0,156.0,682.0,20.06,65.0,1.91,542.0,298.0,390.0,840.0,700.0,48.6,19719.0,523.0,1141.0,-7.0,-0.21,-13.0,-0.38,46.8,2022-2023,35.0,43,26.5,30.9,1148.0
Gil Vicente FC,34,10,7,17,32,-9,37,54.8,-9.6,19,50,576.0,8,23.5,78.4,176.0,51.9,10.9,60.0,436.0,136.0,31.2,45.2,79.6,253577.0,94737.0,19.0,314.0,17360.0,82.0,162.0,779.0,22.91,51.0,1.5,539.0,306.0,369.0,845.0,593.0,53.7,21140.0,576.0,1419.0,-9.0,-0.26,-9.6,-0.28,51.8,2022-2023,31.0,41,29.1,39.0,1428.0
Estoril,34,10,5,19,33,-16,35,59.0,-25.5,26,59,500.0,8,23.5,75.9,162.0,56.6,8.6,32.0,351.0,111.0,31.6,33.4,77.7,219402.0,76986.0,26.0,246.0,14168.0,43.0,202.0,592.0,17.41,59.0,1.74,513.0,250.0,333.0,763.0,647.0,47.6,17835.0,500.0,1010.0,-16.0,-0.47,-25.5,-0.75,46.9,2022-2023,33.0,49,22.3,30.3,1015.0
Portimonense,34,10,4,20,25,-23,34,56.1,-16.3,15,40,389.0,8,23.5,76.9,199.0,59.6,12.6,37.0,389.0,114.0,29.3,39.8,76.0,222400.0,87088.0,15.0,300.0,15159.0,42.0,104.0,694.0,20.41,45.0,1.32,532.0,339.0,399.0,871.0,722.0,48.9,19075.0,389.0,1060.0,-23.0,-0.68,-16.3,-0.48,55.1,2022-2023,25.0,48,27.7,34.3,1072.0
Marítimo,34,7,5,22,32,-31,26,56.1,-12.7,21,52,486.0,5,14.7,66.5,167.0,62.6,0.6,49.0,465.0,125.0,26.9,43.4,75.9,216660.0,83688.0,21.0,341.0,14487.0,24.0,131.0,801.0,23.56,51.0,1.5,594.0,334.0,344.0,928.0,554.0,48.4,18343.0,486.0,1185.0,-31.0,-0.91,-12.7,-0.37,52.6,2022-2023,31.0,63,29.2,37.9,1199.0
Paços de Ferreira,34,6,5,23,26,-36,23,56.0,-23.2,17,42,523.0,3,8.8,64.1,167.0,56.9,-1.1,36.0,394.0,121.0,30.7,32.9,77.5,215792.0,83061.0,17.0,292.0,14541.0,39.0,152.0,699.0,20.56,44.0,1.29,487.0,330.0,347.0,817.0,656.0,46.5,18106.0,523.0,1029.0,-36.0,-1.06,-23.2,-0.68,45.7,2022-2023,25.0,62,24.1,30.5,1040.0
Santa Clara,34,5,7,22,26,-32,22,51.7,-16.5,18,44,402.0,5,14.7,68.1,160.0,55.9,0.9,33.0,353.0,111.0,31.4,35.2,72.2,184185.0,77502.0,18.0,245.0,12905.0,39.0,117.0,593.0,17.44,43.0,1.26,546.0,314.0,366.0,860.0,735.0,42.4,16791.0,402.0,908.0,-32.0,-0.94,-16.5,-0.48,49.4,2022-2023,26.0,58,22.9,29.7,919.0
Porto,34,29,4,1,86,64,91,22.9,60.4,54,137,686.0,16,47.1,71.8,71.0,23.9,1.9,43.0,595.0,214.0,36.0,83.3,82.7,281824.0,96681.0,54.0,446.0,19569.0,100.0,131.0,1058.0,31.12,141.0,4.15,553.0,323.0,299.0,876.0,407.0,62.6,23187.0,686.0,1539.0,64.0,1.88,60.4,1.78,50.8,2021-2022,83.0,22,59.3,76.9,1554.0
Sporting CP,34,27,4,3,73,50,85,22.6,48.4,45,116,705.0,18,52.9,73.2,82.0,23.7,2.7,36.0,531.0,196.0,36.9,71.0,83.3,293023.0,96142.0,45.0,394.0,19896.0,57.0,176.0,944.0,27.76,125.0,3.68,567.0,341.0,331.0,908.0,427.0,59.8,23381.0,705.0,1555.0,50.0,1.47,48.4,1.42,52.9,2021-2022,71.0,23,48.6,62.7,1563.0
Benfica,34,23,5,6,78,48,74,32.4,40.7,58,135,800.0,12,35.3,73.4,109.0,34.8,5.8,31.0,514.0,190.0,37.0,73.1,84.0,294149.0,97191.0,58.0,402.0,19789.0,75.0,133.0,915.0,26.91,131.0,3.85,551.0,319.0,347.0,870.0,449.0,60.9,23364.0,800.0,1808.0,48.0,1.41,40.7,1.2,54.0,2021-2022,77.0,30,54.9,69.1,1819.0
Braga,34,19,8,7,52,21,65,36.7,16.4,34,86,568.0,16,47.1,75.4,118.0,32.1,2.1,48.0,448.0,156.0,34.8,53.1,79.7,279751.0,92693.0,34.0,356.0,18609.0,62.0,163.0,789.0,23.21,87.0,2.56,470.0,336.0,344.0,806.0,550.0,53.7,22136.0,568.0,1379.0,21.0,0.62,16.4,0.48,49.7,2021-2022,52.0,31,37.1,48.3,1391.0
Gil Vicente FC,34,13,12,9,47,5,51,47.2,-5.0,32,79,479.0,11,32.4,76.6,145.0,44.4,4.4,44.0,422.0,153.0,36.3,42.2,80.0,267552.0,92922.0,32.0,313.0,17410.0,58.0,212.0,738.0,21.71,84.0,2.47,430.0,282.0,323.0,712.0,633.0,54.4,20813.0,479.0,1416.0,5.0,0.15,-5.0,-0.15,50.6,2021-2022,47.0,42,31.3,38.5,1429.0
Vitória,34,13,9,12,50,9,48,47.6,1.7,25,75,534.0,8,23.5,75.0,144.0,47.3,6.3,34.0,458.0,142.0,31.0,49.3,77.1,220936.0,81315.0,25.0,322.0,14962.0,22.0,206.0,811.0,23.85,85.0,2.5,470.0,322.0,279.0,792.0,554.0,48.7,18413.0,534.0,1258.0,9.0,0.26,1.7,0.05,49.3,2021-2022,50.0,41,31.8,42.8,1273.0
Santa Clara,34,9,13,12,38,-16,40,41.1,-2.7,22,58,384.0,8,23.5,67.8,143.0,45.8,-8.2,21.0,369.0,109.0,29.5,38.4,75.6,206207.0,81040.0,22.0,247.0,14029.0,41.0,131.0,602.0,17.71,56.0,1.65,524.0,378.0,322.0,902.0,657.0,45.8,17681.0,384.0,956.0,-16.0,-0.47,-2.7,-0.08,49.0,2021-2022,36.0,54,26.9,35.2,967.0
Famalicão,34,9,12,13,45,-6,39,44.7,2.7,32,75,519.0,9,26.5,68.1,141.0,43.7,-5.3,75.0,399.0,141.0,35.3,47.4,77.8,223553.0,86354.0,32.0,289.0,14675.0,46.0,172.0,704.0,20.71,75.0,2.21,550.0,404.0,344.0,954.0,704.0,47.4,18555.0,519.0,1184.0,-6.0,-0.18,2.7,0.08,51.1,2021-2022,43.0,51,32.9,44.2,1201.0
Estoril,34,9,12,13,36,-7,39,49.2,-13.5,25,60,501.0,11,32.4,72.2,144.0,39.3,-1.7,21.0,349.0,108.0,30.9,35.6,78.5,225491.0,78664.0,25.0,253.0,14765.0,33.0,125.0,624.0,18.35,58.0,1.71,447.0,298.0,348.0,745.0,636.0,47.4,18108.0,501.0,1166.0,-7.0,-0.21,-13.5,-0.4,49.5,2021-2022,35.0,43,24.1,30.2,1176.0
Marítimo,34,9,11,14,39,-5,38,54.7,-19.9,21,59,466.0,9,26.5,76.3,156.0,49.0,5.0,36.0,351.0,112.0,31.9,34.7,77.7,230848.0,86304.0,21.0,246.0,14954.0,25.0,122.0,588.0,17.29,62.0,1.82,585.0,343.0,382.0,928.0,642.0,48.7,18749.0,466.0,988.0,-5.0,-0.15,-19.9,-0.59,52.9,2021-2022,38.0,44,22.0,29.9,996.0
Paços de Ferreira,34,9,11,14,29,-15,38,53.3,-19.4,17,45,420.0,10,29.4,76.9,173.0,52.7,8.7,47.0,363.0,98.0,27.0,33.9,76.7,221718.0,83807.0,17.0,244.0,14804.0,21.0,153.0,627.0,18.44,49.0,1.44,492.0,376.0,328.0,868.0,637.0,49.0,18238.0,420.0,981.0,-15.0,-0.44,-19.4,-0.57,47.4,2021-2022,28.0,44,21.3,30.0,992.0
Boavista,34,7,17,10,39,-13,38,46.8,-11.5,28,67,477.0,6,17.6,66.7,138.0,46.1,-4.9,61.0,386.0,118.0,30.6,35.3,75.7,204104.0,78061.0,28.0,288.0,13988.0,26.0,120.0,654.0,19.24,65.0,1.91,567.0,379.0,336.0,946.0,646.0,44.6,17809.0,477.0,829.0,-13.0,-0.38,-11.5,-0.34,50.4,2021-2022,39.0,52,24.3,32.2,841.0
Portimonense,34,10,8,16,31,-14,38,53.0,-18.5,18,46,462.0,10,29.4,73.0,159.0,51.4,8.4,24.0,394.0,125.0,31.7,34.5,76.4,225169.0,86132.0,18.0,299.0,14717.0,21.0,117.0,681.0,20.03,45.0,1.32,473.0,355.0,344.0,828.0,669.0,48.5,18422.0,462.0,1049.0,-14.0,-0.41,-18.5,-0.54,52.7,2021-2022,28.0,45,23.8,31.4,1056.0
Vizela,34,7,12,15,37,-21,33,54.1,-12.7,23,59,418.0,2,5.9,68.2,154.0,51.6,-4.4,20.0,445.0,112.0,25.2,41.5,73.6,184230.0,76044.0,23.0,299.0,13836.0,24.0,80.0,762.0,22.41,60.0,1.76,534.0,384.0,314.0,918.0,695.0,44.8,17492.0,418.0,1160.0,-21.0,-0.62,-12.7,-0.37,47.2,2021-2022,36.0,58,27.8,39.1,1167.0
Arouca,34,7,10,17,30,-24,31,53.3,-18.1,18,48,410.0,5,14.7,65.8,146.0,53.5,1.5,65.0,428.0,118.0,27.6,35.1,75.0,218726.0,86591.0,18.0,292.0,15285.0,35.0,117.0,719.0,21.15,47.0,1.38,496.0,355.0,316.0,851.0,616.0,49.9,18985.0,410.0,1174.0,-24.0,-0.71,-18.1,-0.53,48.4,2021-2022,30.0,54,23.9,32.7,1187.0
Moreirense,34,7,8,19,33,-18,29,43.7,-0.6,19,51,434.0,4,11.8,67.4,141.0,49.8,-1.2,46.0,400.0,123.0,30.8,43.2,70.8,179411.0,72213.0,19.0,243.0,13209.0,22.0,147.0,661.0,19.44,58.0,1.71,502.0,311.0,317.0,813.0,674.0,44.4,16846.0,434.0,1020.0,-18.0,-0.53,-0.6,-0.02,50.6,2021-2022,32.0,51,24.3,37.6,1029.0
Tondela,34,7,7,20,41,-26,28,57.8,-22.8,25,66,413.0,2,5.9,68.6,188.0,64.7,-1.3,27.0,291.0,112.0,38.5,35.1,75.5,203209.0,82052.0,25.0,213.0,14260.0,40.0,116.0,520.0,15.29,73.0,2.15,586.0,348.0,318.0,934.0,669.0,45.9,17890.0,413.0,961.0,-26.0,-0.76,-22.8,-0.67,46.0,2021-2022,41.0,67,22.0,28.4,964.0
B-SAD,34,5,11,18,23,-32,26,56.4,-25.5,11,33,329.0,8,23.5,69.9,166.0,58.1,4.1,30.0,323.0,88.0,27.2,30.9,74.2,185619.0,73724.0,11.0,212.0,13251.0,22.0,109.0,548.0,16.12,39.0,1.15,455.0,334.0,374.0,789.0,679.0,43.5,16702.0,329.0,846.0,-32.0,-0.94,-25.5,-0.75,48.5,2021-2022,22.0,55,20.7,28.6,850.0
Sporting CP,34,26,7,1,65,45,85,24.6,38.0,36,100,594.0,20,58.8,75.3,77.0,21.0,2.0,43.0,468.0,148.0,31.6,62.6,79.4,257880.0,89999.0,36.0,340.0,17780.0,35.0,162.0,806.0,23.71,107.0,3.15,526.0,448.0,285.0,974.0,432.0,57.2,21324.0,594.0,1234.0,45.0,1.32,38.0,1.12,54.8,2020-2021,64.0,20,42.9,55.0,1244.0
Porto,34,24,8,2,74,45,80,30.3,35.3,50,122,638.0,16,47.1,71.1,90.0,29.9,0.9,57.0,468.0,170.0,36.3,65.6,80.7,270610.0,99935.0,50.0,349.0,18799.0,29.0,139.0,843.0,24.79,129.0,3.79,486.0,319.0,299.0,805.0,467.0,60.6,22341.0,638.0,1634.0,45.0,1.32,35.3,1.04,52.2,2020-2021,72.0,29,43.2,53.1,1645.0
Benfica,34,23,7,4,69,42,76,31.9,37.8,56,121,766.0,15,44.1,78.6,112.0,33.5,7.5,53.0,470.0,171.0,36.4,69.7,82.9,304648.0,105059.0,56.0,396.0,21049.0,42.0,99.0,859.0,25.26,120.0,3.53,488.0,385.0,307.0,873.0,435.0,62.6,24663.0,766.0,1916.0,42.0,1.24,37.8,1.11,54.7,2020-2021,65.0,27,61.3,68.1,1932.0
Braga,34,19,7,8,53,20,64,35.6,19.4,36,89,583.0,11,32.4,69.1,97.0,33.7,0.7,88.0,469.0,156.0,33.3,55.0,80.1,302240.0,101825.0,36.0,360.0,19257.0,34.0,248.0,826.0,24.29,84.0,2.47,508.0,400.0,300.0,908.0,505.0,57.1,22530.0,583.0,1589.0,20.0,0.59,19.4,0.57,51.8,2020-2021,53.0,33,42.6,50.3,1598.0
Paços de Ferreira,34,15,8,11,40,-1,53,42.3,-5.5,25,64,397.0,9,26.5,71.6,116.0,36.3,-4.7,35.0,363.0,121.0,33.3,36.8,74.7,208143.0,80028.0,25.0,265.0,14242.0,14.0,184.0,629.0,18.5,68.0,2.0,581.0,417.0,345.0,998.0,643.0,46.1,17809.0,397.0,911.0,-1.0,-0.03,-5.5,-0.16,50.2,2020-2021,39.0,41,23.4,32.5,919.0
Santa Clara,34,13,7,14,44,8,46,39.2,5.9,25,66,420.0,10,29.4,72.1,111.0,33.3,-0.7,28.0,362.0,118.0,32.6,45.0,74.1,212013.0,83551.0,25.0,235.0,13966.0,11.0,124.0,604.0,17.76,68.0,2.0,533.0,385.0,383.0,918.0,694.0,47.9,17578.0,420.0,1047.0,8.0,0.24,5.9,0.17,46.3,2020-2021,41.0,36,29.1,37.9,1061.0
Vitória,34,12,7,15,37,-7,43,43.0,-6.1,21,57,572.0,12,35.3,72.3,148.0,44.4,0.4,44.0,342.0,105.0,30.7,36.9,77.7,232736.0,82004.0,21.0,230.0,15604.0,17.0,194.0,596.0,17.53,60.0,1.76,470.0,424.0,308.0,894.0,623.0,49.0,19159.0,572.0,1181.0,-7.0,-0.21,-6.1,-0.18,45.7,2020-2021,36.0,44,24.3,32.9,1191.0
Moreirense,34,10,13,11,37,-6,43,54.7,-17.9,19,51,460.0,9,26.5,75.7,152.0,50.5,9.5,21.0,324.0,100.0,30.9,36.9,75.3,210118.0,80265.0,19.0,225.0,14504.0,14.0,199.0,547.0,16.09,48.0,1.41,528.0,402.0,344.0,930.0,561.0,47.3,18111.0,460.0,1018.0,-6.0,-0.18,-17.9,-0.53,50.7,2020-2021,32.0,43,24.4,33.0,1024.0
Famalicão,34,10,10,14,40,-8,40,40.3,-2.6,22,62,524.0,9,26.5,65.4,130.0,43.4,-2.6,56.0,381.0,119.0,31.2,37.7,78.6,237028.0,82272.0,22.0,257.0,15757.0,13.0,180.0,652.0,19.18,66.0,1.94,524.0,424.0,314.0,948.0,627.0,51.0,19387.0,524.0,1097.0,-8.0,-0.24,-2.6,-0.08,47.8,2020-2021,40.0,48,21.8,32.1,1112.0
B-SAD,34,9,13,12,25,-10,40,48.1,-14.2,14,39,375.0,13,38.2,81.9,149.0,43.7,9.7,66.0,325.0,103.0,31.7,33.9,71.1,188917.0,78562.0,14.0,217.0,13970.0,12.0,151.0,541.0,15.91,39.0,1.15,535.0,405.0,339.0,940.0,719.0,45.3,17598.0,375.0,1014.0,-10.0,-0.29,-14.2,-0.42,46.3,2020-2021,25.0,35,22.1,30.7,1028.0
Gil Vicente FC,34,11,6,17,33,-9,39,41.5,-3.5,18,50,475.0,11,32.4,68.5,124.0,39.4,2.4,28.0,341.0,107.0,31.4,38.0,75.3,233509.0,86777.0,18.0,250.0,15280.0,24.0,174.0,611.0,17.97,55.0,1.62,461.0,373.0,339.0,834.0,628.0,47.9,18582.0,475.0,1158.0,-9.0,-0.26,-3.5,-0.1,49.6,2020-2021,32.0,42,24.4,30.9,1169.0
Tondela,34,10,6,18,36,-21,36,56.8,-22.8,28,64,402.0,6,17.6,67.7,167.0,58.0,2.0,44.0,324.0,110.0,34.0,34.0,75.4,217555.0,84353.0,28.0,240.0,15126.0,29.0,148.0,550.0,16.18,63.0,1.85,528.0,401.0,327.0,929.0,664.0,47.4,18705.0,402.0,1094.0,-21.0,-0.62,-22.8,-0.67,48.6,2020-2021,36.0,57,24.4,30.3,1101.0
Boavista,34,8,12,14,39,-10,36,54.0,-15.4,27,63,484.0,9,26.5,70.7,147.0,52.3,4.3,31.0,379.0,133.0,35.1,38.5,74.4,182049.0,71744.0,27.0,260.0,12966.0,21.0,122.0,665.0,19.56,64.0,1.88,540.0,478.0,304.0,1018.0,759.0,43.4,16760.0,484.0,874.0,-10.0,-0.29,-15.4,-0.45,48.4,2020-2021,36.0,49,26.1,36.2,882.0
Portimonense,34,9,8,17,34,-7,35,38.8,-1.2,24,57,413.0,11,32.4,69.9,123.0,36.1,-1.9,42.0,374.0,105.0,28.1,37.6,74.3,235590.0,90335.0,24.0,266.0,15455.0,19.0,125.0,639.0,18.79,55.0,1.62,540.0,485.0,328.0,1025.0,693.0,51.0,19264.0,413.0,1122.0,-7.0,-0.21,-1.2,-0.04,52.9,2020-2021,33.0,41,26.4,34.5,1133.0
Marítimo,34,10,5,19,27,-20,35,50.2,-14.8,17,44,428.0,10,29.4,70.3,145.0,52.0,7.0,40.0,341.0,104.0,30.5,35.4,73.2,197642.0,76720.0,17.0,227.0,13281.0,17.0,167.0,552.0,16.24,43.0,1.26,540.0,370.0,367.0,910.0,690.0,44.4,16926.0,428.0,819.0,-20.0,-0.59,-14.8,-0.44,54.5,2020-2021,27.0,47,23.8,32.5,823.0
Rio Ave,34,7,13,14,25,-15,34,43.2,-7.1,15,39,557.0,11,32.4,69.6,125.0,41.7,3.7,55.0,354.0,114.0,32.2,36.2,79.0,250318.0,87902.0,15.0,244.0,16602.0,23.0,172.0,603.0,17.74,38.0,1.12,516.0,378.0,312.0,894.0,567.0,51.8,20086.0,557.0,1155.0,-15.0,-0.44,-7.1,-0.21,48.0,2020-2021,24.0,40,23.6,32.1,1160.0
Farense,34,7,10,17,31,-17,31,44.5,-2.2,18,48,340.0,6,17.6,69.4,134.0,44.3,-3.7,28.0,360.0,109.0,30.3,42.3,67.5,179728.0,78700.0,18.0,243.0,12255.0,12.0,124.0,608.0,17.88,47.0,1.38,482.0,442.0,365.0,924.0,585.0,43.2,15755.0,340.0,918.0,-17.0,-0.5,-2.2,-0.06,50.8,2020-2021,30.0,48,25.8,35.9,928.0
Nacional,34,6,7,21,30,-29,25,56.0,-23.1,23,51,462.0,7,20.6,68.3,164.0,57.5,1.5,41.0,373.0,117.0,31.4,32.9,72.9,192906.0,76022.0,23.0,250.0,13610.0,11.0,129.0,627.0,18.44,51.0,1.5,500.0,423.0,390.0,923.0,706.0,46.9,17339.0,462.0,912.0,-29.0,-0.85,-23.1,-0.68,46.8,2020-2021,28.0,59,23.3,31.3,916.0
Porto,34,26,4,4,74,52,82,25.1,40.4,48,119,636.0,19,55.9,72.7,77.0,20.5,-1.5,33.0,484.0,177.0,36.6,65.5,81.0,275477.0,98478.0,48.0,369.0,18078.0,39.0,170.0,868.0,25.53,121.0,3.56,522.0,377.0,280.0,899.0,476.0,59.5,21607.0,636.0,1533.0,52.0,1.53,40.4,1.19,54.5,2019-2020,71.0,22,45.1,54.5,1545.0
Benfica,34,24,5,5,71,45,77,32.1,35.6,52,119,678.0,17,50.0,77.5,102.0,31.5,7.5,55.0,519.0,177.0,34.1,67.7,81.0,289264.0,103264.0,52.0,394.0,19297.0,31.0,164.0,922.0,27.12,119.0,3.5,628.0,373.0,289.0,1001.0,474.0,57.8,22855.0,678.0,1783.0,45.0,1.32,35.6,1.05,56.6,2019-2020,67.0,26,49.9,60.7,1794.0
Braga,34,18,6,10,61,21,60,41.5,19.6,41,102,640.0,8,23.5,72.6,124.0,40.0,2.0,50.0,516.0,183.0,35.5,61.1,79.7,288583.0,102089.0,41.0,396.0,18655.0,35.0,198.0,921.0,27.09,103.0,3.03,530.0,327.0,289.0,857.0,479.0,58.5,21947.0,640.0,1654.0,21.0,0.62,19.6,0.58,52.6,2019-2020,61.0,40,46.0,57.9,1673.0
Sporting CP,34,18,6,10,49,15,60,36.1,13.0,24,71,616.0,12,35.3,74.8,111.0,38.1,5.1,33.0,459.0,128.0,27.9,49.1,82.1,281075.0,97715.0,24.0,345.0,18225.0,42.0,174.0,814.0,23.94,80.0,2.35,551.0,305.0,301.0,856.0,520.0,58.4,21626.0,616.0,1461.0,15.0,0.44,13.0,0.38,53.0,2019-2020,47.0,34,34.8,42.8,1476.0
Rio Ave,34,15,10,9,48,12,55,35.0,18.7,27,74,600.0,11,32.4,72.7,121.0,33.0,-3.0,53.0,355.0,101.0,28.5,53.7,79.5,284164.0,101366.0,27.0,274.0,18300.0,22.0,250.0,665.0,19.56,82.0,2.41,526.0,343.0,278.0,869.0,625.0,55.7,21555.0,600.0,1373.0,12.0,0.35,18.7,0.55,51.3,2019-2020,47.0,36,34.1,43.1,1389.0
Famalicão,34,14,12,8,53,2,54,52.8,-5.5,32,83,556.0,7,20.6,66.7,138.0,49.0,-2.0,39.0,436.0,153.0,35.1,47.3,78.4,246668.0,89192.0,32.0,299.0,15847.0,27.0,209.0,749.0,22.03,85.0,2.5,569.0,340.0,298.0,909.0,677.0,52.6,19390.0,556.0,1242.0,2.0,0.06,-5.5,-0.16,47.6,2019-2020,51.0,51,29.7,40.9,1253.0
Vitória,34,13,11,10,53,15,50,36.8,17.4,38,91,763.0,11,32.4,65.4,107.0,33.1,-2.9,49.0,508.0,152.0,29.9,54.2,76.9,229240.0,89151.0,38.0,369.0,15278.0,15.0,183.0,904.0,26.59,93.0,2.74,541.0,347.0,300.0,888.0,524.0,50.7,18761.0,763.0,1616.0,15.0,0.44,17.4,0.51,50.6,2019-2020,53.0,38,37.0,48.7,1623.0
Moreirense,34,10,13,11,42,-2,43,57.3,-16.8,34,76,482.0,8,23.5,77.0,152.0,47.0,5.0,24.0,334.0,108.0,32.3,40.5,72.6,192988.0,80624.0,34.0,256.0,12902.0,22.0,165.0,583.0,17.15,74.0,2.18,552.0,389.0,330.0,941.0,818.0,44.1,16568.0,482.0,1009.0,-2.0,-0.06,-16.8,-0.49,52.2,2019-2020,42.0,44,32.3,37.5,1021.0
Santa Clara,34,11,10,13,36,-5,43,47.8,-2.5,21,55,364.0,10,29.4,74.3,136.0,44.7,4.7,19.0,369.0,113.0,30.6,45.3,70.4,197633.0,78061.0,21.0,232.0,13189.0,16.0,185.0,594.0,17.47,57.0,1.68,540.0,354.0,328.0,894.0,805.0,46.1,16777.0,364.0,956.0,-5.0,-0.15,-2.5,-0.07,47.5,2019-2020,34.0,41,29.5,40.9,963.0
Gil Vicente FC,34,11,10,13,40,-4,43,41.3,-3.1,26,66,482.0,8,23.5,65.5,119.0,37.6,-3.4,24.0,346.0,136.0,39.3,38.2,74.1,221103.0,87758.0,26.0,255.0,13945.0,13.0,176.0,622.0,18.29,69.0,2.03,543.0,381.0,310.0,924.0,611.0,47.5,17318.0,482.0,1133.0,-4.0,-0.12,-3.1,-0.09,45.6,2019-2020,40.0,44,25.5,33.5,1152.0
Marítimo,34,9,12,13,34,-8,39,48.3,-11.6,13,45,447.0,11,32.4,72.8,136.0,43.0,2.0,30.0,357.0,108.0,30.3,36.6,74.5,207463.0,82189.0,13.0,247.0,14004.0,20.0,134.0,602.0,17.71,53.0,1.56,532.0,347.0,338.0,879.0,764.0,47.1,17748.0,447.0,921.0,-8.0,-0.24,-11.6,-0.34,47.7,2019-2020,32.0,42,24.9,33.5,933.0
Boavista,34,10,9,15,28,-11,39,41.6,-8.5,16,42,372.0,9,26.5,75.9,137.0,41.3,4.3,20.0,397.0,118.0,29.7,33.0,70.5,175331.0,74618.0,16.0,251.0,12178.0,4.0,181.0,661.0,19.44,46.0,1.35,573.0,346.0,301.0,919.0,813.0,42.8,15824.0,372.0,891.0,-11.0,-0.32,-8.5,-0.25,49.4,2019-2020,26.0,39,20.3,29.9,902.0
Paços de Ferreira,34,11,6,17,36,-16,39,46.4,-11.4,22,56,425.0,6,17.6,66.7,132.0,48.3,-2.7,47.0,406.0,112.0,27.6,35.0,71.2,195152.0,82568.0,22.0,282.0,13013.0,11.0,148.0,680.0,20.0,60.0,1.76,525.0,328.0,283.0,853.0,683.0,46.9,16472.0,425.0,1123.0,-16.0,-0.47,-11.4,-0.34,49.4,2019-2020,34.0,52,24.4,31.8,1137.0
Tondela,34,9,9,16,30,-14,36,44.4,-1.8,14,43,446.0,10,29.4,70.9,141.0,40.0,-3.0,18.0,305.0,89.0,29.2,42.6,73.3,204978.0,82368.0,14.0,219.0,13921.0,11.0,197.0,550.0,16.18,46.0,1.35,444.0,344.0,275.0,788.0,747.0,45.8,17329.0,446.0,990.0,-14.0,-0.41,-1.8,-0.05,52.0,2019-2020,29.0,44,26.6,34.0,1000.0
B-SAD,34,9,8,17,27,-27,35,50.3,-18.9,14,37,409.0,9,26.5,70.5,166.0,52.0,0.0,33.0,306.0,80.0,26.1,31.4,74.1,210009.0,81774.0,14.0,209.0,14630.0,16.0,152.0,514.0,15.12,39.0,1.15,513.0,387.0,346.0,900.0,751.0,49.1,18183.0,409.0,972.0,-27.0,-0.79,-18.9,-0.56,46.3,2019-2020,23.0,54,21.1,29.0,983.0
Vitória Setúbal,34,7,13,14,27,-16,34,52.5,-24.8,20,46,421.0,13,38.2,74.5,149.0,44.4,2.4,49.0,312.0,100.0,32.1,27.7,74.1,191306.0,79775.0,20.0,218.0,13106.0,7.0,161.0,533.0,15.68,43.0,1.26,502.0,388.0,334.0,890.0,811.0,45.0,16866.0,421.0,836.0,-16.0,-0.47,-24.8,-0.73,50.5,2019-2020,26.0,43,20.3,26.9,841.0
Portimonense,34,7,12,15,30,-15,33,46.1,-9.6,22,51,469.0,7,20.6,67.5,126.0,45.0,2.0,47.0,393.0,115.0,29.3,36.5,75.0,239305.0,93718.0,22.0,283.0,15492.0,13.0,146.0,674.0,19.82,52.0,1.53,506.0,437.0,285.0,943.0,593.0,51.1,18984.0,469.0,1278.0,-15.0,-0.44,-9.6,-0.28,52.3,2019-2020,29.0,45,25.5,33.4,1290.0
Aves,34,5,2,27,24,-44,17,59.0,-30.1,13,37,402.0,4,11.8,64.6,161.0,59.6,-4.4,16.0,315.0,79.0,25.1,28.9,66.7,152443.0,66793.0,13.0,208.0,11379.0,10.0,137.0,522.0,15.35,38.0,1.12,531.0,380.0,324.0,911.0,774.0,41.3,15112.0,402.0,801.0,-44.0,-1.29,-30.1,-0.89,42.6,2019-2020,24.0,68,17.3,24.2,813.0
Benfica,34,28,3,3,103,72,87,35.1,46.4,70,172,719.0,15,44.1,78.0,118.0,37.9,9.9,28.0,567.0,222.0,39.2,81.5,80.0,269871.0,99684.0,70.0,403.0,18740.0,37.0,196.0,987.0,29.03,178.0,5.24,644.0,377.0,322.0,1021.0,580.0,59.6,22264.0,719.0,1705.0,72.0,2.12,46.4,1.36,54.8,2018-2019,102.0,31,55.0,74.6,1715.0
Porto,34,27,4,3,74,54,85,23.2,50.5,44,117,722.0,20,58.8,76.7,73.0,20.2,1.2,31.0,576.0,185.0,32.1,73.7,78.3,254398.0,95607.0,44.0,423.0,17256.0,31.0,156.0,1004.0,29.53,114.0,3.35,544.0,450.0,332.0,994.0,545.0,59.9,20981.0,722.0,1696.0,54.0,1.59,50.5,1.49,58.5,2018-2019,73.0,20,52.5,67.7,1709.0
Sporting CP,34,23,5,6,72,39,74,37.5,23.8,44,114,573.0,10,29.4,73.9,119.0,37.0,4.0,25.0,537.0,188.0,35.0,61.3,78.3,245845.0,96637.0,44.0,405.0,16713.0,18.0,134.0,984.0,28.94,128.0,3.76,568.0,399.0,331.0,967.0,570.0,56.6,20134.0,573.0,1486.0,39.0,1.15,23.8,0.7,53.4,2018-2019,70.0,33,39.5,50.1,1508.0
Braga,34,21,4,9,56,19,67,39.1,12.4,38,93,626.0,16,47.1,74.8,123.0,39.7,2.7,23.0,476.0,157.0,33.0,51.5,75.9,231845.0,89992.0,38.0,354.0,16018.0,25.0,93.0,844.0,24.82,95.0,2.79,615.0,401.0,375.0,1016.0,698.0,53.6,19495.0,626.0,1459.0,19.0,0.56,12.4,0.37,51.5,2018-2019,55.0,37,37.1,46.0,1466.0
Vitória,34,15,7,12,46,12,52,37.2,12.2,30,75,583.0,10,29.4,79.3,150.0,43.1,9.1,20.0,434.0,153.0,35.3,49.4,76.7,226423.0,85714.0,30.0,314.0,15566.0,14.0,161.0,768.0,22.59,77.0,2.26,514.0,354.0,328.0,868.0,738.0,52.1,19106.0,583.0,1251.0,12.0,0.35,12.2,0.36,47.4,2018-2019,45.0,34,33.1,41.5,1258.0
Moreirense,34,16,4,14,39,-5,52,48.0,-12.1,27,65,555.0,9,26.5,69.7,132.0,45.6,1.6,48.0,432.0,138.0,31.9,36.0,72.5,204336.0,88948.0,27.0,300.0,14371.0,15.0,123.0,728.0,21.41,66.0,1.94,562.0,435.0,317.0,997.0,690.0,48.2,17826.0,555.0,1348.0,-5.0,-0.15,-12.1,-0.35,52.0,2018-2019,38.0,44,25.8,35.2,1359.0
Rio Ave,34,12,9,13,50,-2,45,56.3,-10.7,30,79,544.0,5,14.7,74.2,163.0,54.4,3.4,35.0,374.0,128.0,34.2,45.5,78.5,235565.0,88227.0,30.0,263.0,15487.0,26.0,158.0,646.0,19.0,84.0,2.47,478.0,353.0,344.0,831.0,821.0,52.9,19023.0,544.0,1189.0,-2.0,-0.06,-10.7,-0.32,49.5,2018-2019,49.0,52,32.0,41.7,1198.0
Boavista,34,13,5,16,34,-6,44,50.7,-8.2,24,57,337.0,14,41.2,78.6,159.0,47.7,9.7,20.0,391.0,111.0,28.4,42.4,69.2,166223.0,74404.0,24.0,255.0,12104.0,11.0,88.0,664.0,19.53,57.0,1.68,548.0,484.0,347.0,1032.0,991.0,44.9,15916.0,337.0,868.0,-6.0,-0.18,-8.2,-0.24,49.4,2018-2019,33.0,40,28.3,39.3,880.0
B-SAD,34,10,13,11,42,-9,43,51.9,-12.0,20,61,538.0,13,38.2,71.5,151.0,54.7,5.7,31.0,343.0,115.0,33.5,39.9,77.6,244308.0,87888.0,20.0,229.0,15951.0,35.0,176.0,583.0,17.15,65.0,1.91,511.0,455.0,335.0,966.0,789.0,52.6,19414.0,538.0,972.0,-9.0,-0.26,-12.0,-0.35,49.8,2018-2019,41.0,51,26.4,35.2,982.0
Santa Clara,34,11,9,14,43,-2,42,49.2,-8.2,26,66,431.0,9,26.5,76.5,153.0,49.7,4.7,21.0,370.0,118.0,31.9,41.1,71.3,189117.0,77850.0,26.0,242.0,13390.0,9.0,122.0,627.0,18.44,65.0,1.91,472.0,440.0,370.0,912.0,796.0,47.4,16874.0,431.0,1019.0,-2.0,-0.06,-8.2,-0.24,47.2,2018-2019,40.0,45,27.9,37.1,1030.0
Marítimo,34,12,3,19,26,-18,39,56.2,-25.1,15,41,448.0,10,29.4,77.4,155.0,49.2,6.2,19.0,333.0,89.0,26.7,31.1,71.5,192201.0,78222.0,15.0,234.0,13448.0,12.0,133.0,573.0,16.85,44.0,1.29,541.0,436.0,357.0,977.0,860.0,45.8,17042.0,448.0,967.0,-18.0,-0.53,-25.1,-0.74,48.2,2018-2019,26.0,44,21.4,27.9,976.0
Portimonense,34,11,6,17,44,-15,39,47.4,1.3,28,69,555.0,5,14.7,65.8,158.0,53.4,-3.6,27.0,458.0,164.0,35.8,48.7,73.8,209098.0,88334.0,28.0,332.0,14240.0,19.0,118.0,784.0,23.06,69.0,2.03,534.0,405.0,324.0,939.0,761.0,48.8,17971.0,555.0,1191.0,-15.0,-0.44,1.3,0.04,50.8,2018-2019,41.0,59,33.2,44.0,1204.0
Vitória Setúbal,34,8,12,14,28,-11,36,39.6,-5.5,21,49,379.0,11,32.4,73.3,135.0,38.2,0.2,19.0,355.0,115.0,32.4,34.0,67.9,173449.0,83735.0,21.0,231.0,12181.0,7.0,109.0,592.0,17.41,49.0,1.44,536.0,408.0,334.0,944.0,711.0,45.5,15547.0,379.0,1008.0,-11.0,-0.32,-5.5,-0.16,53.3,2018-2019,28.0,39,24.1,30.9,1016.0
Aves,34,10,6,18,35,-14,36,42.9,2.2,18,53,410.0,9,26.5,69.7,152.0,44.8,-2.2,14.0,460.0,135.0,29.3,45.1,68.7,169635.0,79666.0,18.0,324.0,12106.0,16.0,86.0,770.0,22.65,59.0,1.74,588.0,424.0,316.0,1012.0,879.0,42.3,15878.0,410.0,1019.0,-14.0,-0.41,2.2,0.06,48.9,2018-2019,35.0,49,28.9,40.4,1028.0
Tondela,34,9,8,17,40,-14,35,58.2,-15.7,27,65,351.0,4,11.8,67.5,151.0,54.5,0.5,19.0,401.0,125.0,31.2,42.5,66.5,173993.0,82088.0,27.0,251.0,12761.0,23.0,88.0,649.0,19.09,64.0,1.88,556.0,394.0,349.0,950.0,758.0,45.9,16281.0,351.0,997.0,-14.0,-0.41,-15.7,-0.46,44.8,2018-2019,38.0,54,28.9,39.3,1007.0
Chaves,34,8,8,18,34,-23,32,54.2,-15.8,21,55,512.0,8,23.5,65.6,151.0,53.4,-1.6,27.0,365.0,102.0,27.9,38.4,70.4,181137.0,78166.0,21.0,257.0,12986.0,11.0,91.0,638.0,18.76,61.0,1.79,567.0,423.0,360.0,990.0,808.0,46.2,16559.0,512.0,1188.0,-23.0,-0.68,-15.8,-0.47,44.3,2018-2019,34.0,57,26.6,32.2,1198.0
Nacional,34,7,7,20,33,-40,28,56.1,-11.3,21,54,568.0,8,23.5,61.3,163.0,64.3,-7.7,46.0,438.0,125.0,28.5,44.8,72.2,200610.0,79359.0,21.0,305.0,13829.0,8.0,156.0,756.0,22.24,55.0,1.62,560.0,443.0,333.0,1003.0,640.0,51.0,17274.0,568.0,1166.0,-40.0,-1.18,-11.3,-0.33,49.6,2018-2019,33.0,73,27.0,37.8,1180.0
Feirense,34,3,11,20,27,-37,20,52.1,-24.2,17,42,320.0,6,17.6,64.5,166.0,53.3,-8.7,28.0,285.0,92.0,32.3,28.0,68.4,174812.0,77893.0,17.0,190.0,12763.0,10.0,98.0,472.0,13.88,42.0,1.24,532.0,415.0,312.0,947.0,743.0,46.8,16118.0,320.0,905.0,-37.0,-1.09,-24.2,-0.71,48.2,2018-2019,25.0,64,17.6,24.0,918.0
Porto,34,28,4,2,82,64,88,0.0,0.0,59,141,0.0,19,55.9,81.4,97.0,0.0,0.0,0.0,0.0,0.0,0.0,0.0,0.0,0.0,0.0,0.0,0.0,0.0,0.0,0.0,0.0,0.0,0.0,0.0,0.0,0.0,0.0,0.0,0.0,0.0,0.0,0.0,0.0,0.0,0.0,0.0,0.0,0.0,2017-2018,0.0,18,0.0,0.0,0.0
Benfica,34,25,6,3,80,58,81,0.0,0.0,59,138,0.0,15,44.1,75.6,90.0,0.0,0.0,0.0,0.0,0.0,0.0,0.0,0.0,0.0,0.0,0.0,0.0,0.0,0.0,0.0,0.0,0.0,0.0,0.0,0.0,0.0,0.0,0.0,0.0,0.0,0.0,0.0,0.0,0.0,0.0,0.0,0.0,0.0,2017-2018,0.0,22,0.0,0.0,0.0
Sporting CP,34,24,6,4,63,39,78,0.0,0.0,43,105,0.0,17,50.0,83.2,107.0,0.0,0.0,0.0,0.0,0.0,0.0,0.0,0.0,0.0,0.0,0.0,0.0,0.0,0.0,0.0,0.0,0.0,0.0,0.0,0.0,0.0,0.0,0.0,0.0,0.0,0.0,0.0,0.0,0.0,0.0,0.0,0.0,0.0,2017-2018,0.0,24,0.0,0.0,0.0
Braga,34,24,3,7,74,45,75,0.0,0.0,57,130,0.0,14,41.2,77.6,116.0,0.0,0.0,0.0,0.0,0.0,0.0,0.0,0.0,0.0,0.0,0.0,0.0,0.0,0.0,0.0,0.0,0.0,0.0,0.0,0.0,0.0,0.0,0.0,0.0,0.0,0.0,0.0,0.0,0.0,0.0,0.0,0.0,0.0,2017-2018,0.0,29,0.0,0.0,0.0
Rio Ave,34,15,6,13,40,-2,51,0.0,0.0,25,64,0.0,10,29.4,75.0,152.0,0.0,0.0,0.0,0.0,0.0,0.0,0.0,0.0,0.0,0.0,0.0,0.0,0.0,0.0,0.0,0.0,0.0,0.0,0.0,0.0,0.0,0.0,0.0,0.0,0.0,0.0,0.0,0.0,0.0,0.0,0.0,0.0,0.0,2017-2018,0.0,42,0.0,0.0,0.0
Chaves,34,13,8,13,47,-8,47,0.0,0.0,29,76,0.0,7,20.6,68.1,163.0,0.0,0.0,0.0,0.0,0.0,0.0,0.0,0.0,0.0,0.0,0.0,0.0,0.0,0.0,0.0,0.0,0.0,0.0,0.0,0.0,0.0,0.0,0.0,0.0,0.0,0.0,0.0,0.0,0.0,0.0,0.0,0.0,0.0,2017-2018,0.0,55,0.0,0.0,0.0
Marítimo,34,13,8,13,36,-13,47,0.0,0.0,26,62,0.0,10,29.4,68.7,131.0,0.0,0.0,0.0,0.0,0.0,0.0,0.0,0.0,0.0,0.0,0.0,0.0,0.0,0.0,0.0,0.0,0.0,0.0,0.0,0.0,0.0,0.0,0.0,0.0,0.0,0.0,0.0,0.0,0.0,0.0,0.0,0.0,0.0,2017-2018,0.0,49,0.0,0.0,0.0
Boavista,34,13,6,15,35,-9,45,0.0,0.0,23,58,0.0,11,32.4,73.0,152.0,0.0,0.0,0.0,0.0,0.0,0.0,0.0,0.0,0.0,0.0,0.0,0.0,0.0,0.0,0.0,0.0,0.0,0.0,0.0,0.0,0.0,0.0,0.0,0.0,0.0,0.0,0.0,0.0,0.0,0.0,0.0,0.0,0.0,2017-2018,0.0,44,0.0,0.0,0.0
Vitória,34,13,4,17,45,-11,43,0.0,0.0,31,76,0.0,7,20.6,66.7,144.0,0.0,0.0,0.0,0.0,0.0,0.0,0.0,0.0,0.0,0.0,0.0,0.0,0.0,0.0,0.0,0.0,0.0,0.0,0.0,0.0,0.0,0.0,0.0,0.0,0.0,0.0,0.0,0.0,0.0,0.0,0.0,0.0,0.0,2017-2018,0.0,56,0.0,0.0,0.0
Portimonense,34,10,8,16,52,-8,38,0.0,0.0,39,91,0.0,4,11.8,64.7,150.0,0.0,0.0,0.0,0.0,0.0,0.0,0.0,0.0,0.0,0.0,0.0,0.0,0.0,0.0,0.0,0.0,0.0,0.0,0.0,0.0,0.0,0.0,0.0,0.0,0.0,0.0,0.0,0.0,0.0,0.0,0.0,0.0,0.0,2017-2018,0.0,60,0.0,0.0,0.0
Tondela,34,10,8,16,41,-9,38,0.0,0.0,29,68,0.0,8,23.5,69.6,158.0,0.0,0.0,0.0,0.0,0.0,0.0,0.0,0.0,0.0,0.0,0.0,0.0,0.0,0.0,0.0,0.0,0.0,0.0,0.0,0.0,0.0,0.0,0.0,0.0,0.0,0.0,0.0,0.0,0.0,0.0,0.0,0.0,0.0,2017-2018,0.0,50,0.0,0.0,0.0
Belenenses,34,9,10,15,33,-13,37,0.0,0.0,22,54,0.0,10,29.4,73.8,164.0,0.0,0.0,0.0,0.0,0.0,0.0,0.0,0.0,0.0,0.0,0.0,0.0,0.0,0.0,0.0,0.0,0.0,0.0,0.0,0.0,0.0,0.0,0.0,0.0,0.0,0.0,0.0,0.0,0.0,0.0,0.0,0.0,0.0,2017-2018,0.0,46,0.0,0.0,0.0
Aves,34,9,7,18,36,-15,34,0.0,0.0,26,61,0.0,10,29.4,71.9,153.0,0.0,0.0,0.0,0.0,0.0,0.0,0.0,0.0,0.0,0.0,0.0,0.0,0.0,0.0,0.0,0.0,0.0,0.0,0.0,0.0,0.0,0.0,0.0,0.0,0.0,0.0,0.0,0.0,0.0,0.0,0.0,0.0,0.0,2017-2018,0.0,51,0.0,0.0,0.0
Vitória Setúbal,34,7,11,16,39,-23,32,0.0,0.0,25,64,0.0,5,14.7,68.0,172.0,0.0,0.0,0.0,0.0,0.0,0.0,0.0,0.0,0.0,0.0,0.0,0.0,0.0,0.0,0.0,0.0,0.0,0.0,0.0,0.0,0.0,0.0,0.0,0.0,0.0,0.0,0.0,0.0,0.0,0.0,0.0,0.0,0.0,2017-2018,0.0,62,0.0,0.0,0.0
Moreirense,34,8,8,18,29,-21,32,0.0,0.0,13,40,0.0,5,14.7,71.9,153.0,0.0,0.0,0.0,0.0,0.0,0.0,0.0,0.0,0.0,0.0,0.0,0.0,0.0,0.0,0.0,0.0,0.0,0.0,0.0,0.0,0.0,0.0,0.0,0.0,0.0,0.0,0.0,0.0,0.0,0.0,0.0,0.0,0.0,2017-2018,0.0,50,0.0,0.0,0.0
Feirense,34,9,4,21,32,-16,31,0.0,0.0,21,51,0.0,9,26.5,71.1,159.0,0.0,0.0,0.0,0.0,0.0,0.0,0.0,0.0,0.0,0.0,0.0,0.0,0.0,0.0,0.0,0.0,0.0,0.0,0.0,0.0,0.0,0.0,0.0,0.0,0.0,0.0,0.0,0.0,0.0,0.0,0.0,0.0,0.0,2017-2018,0.0,48,0.0,0.0,0.0
Paços de Ferreira,34,7,9,18,33,-26,30,0.0,0.0,25,55,0.0,8,23.5,66.5,164.0,0.0,0.0,0.0,0.0,0.0,0.0,0.0,0.0,0.0,0.0,0.0,0.0,0.0,0.0,0.0,0.0,0.0,0.0,0.0,0.0,0.0,0.0,0.0,0.0,0.0,0.0,0.0,0.0,0.0,0.0,0.0,0.0,0.0,2017-2018,0.0,59,0.0,0.0,0.0
Estoril,34,8,6,20,29,-32,30,0.0,0.0,15,42,0.0,7,20.6,64.9,168.0,0.0,0.0,0.0,0.0,0.0,0.0,0.0,0.0,0.0,0.0,0.0,0.0,0.0,0.0,0.0,0.0,0.0,0.0,0.0,0.0,0.0,0.0,0.0,0.0,0.0,0.0,0.0,0.0,0.0,0.0,0.0,0.0,0.0,2017-2018,0.0,61,0.0,0.0,0.0
Benfica,34,25,7,2,72,54,82,0.0,0.0,34,102,0.0,20,58.8,76.6,94.0,0.0,0.0,0.0,0.0,0.0,0.0,0.0,0.0,0.0,0.0,0.0,0.0,0.0,0.0,0.0,0.0,0.0,0.0,0.0,0.0,0.0,0.0,0.0,0.0,0.0,0.0,0.0,0.0,0.0,0.0,0.0,0.0,0.0,2016-2017,0.0,18,0.0,0.0,0.0
Porto,34,22,10,2,71,52,76,0.0,0.0,45,115,0.0,19,55.9,77.5,80.0,0.0,0.0,0.0,0.0,0.0,0.0,0.0,0.0,0.0,0.0,0.0,0.0,0.0,0.0,0.0,0.0,0.0,0.0,0.0,0.0,0.0,0.0,0.0,0.0,0.0,0.0,0.0,0.0,0.0,0.0,0.0,0.0,0.0,2016-2017,0.0,19,0.0,0.0,0.0
Sporting CP,34,21,7,6,68,32,70,0.0,0.0,45,113,0.0,13,38.2,69.8,106.0,0.0,0.0,0.0,0.0,0.0,0.0,0.0,0.0,0.0,0.0,0.0,0.0,0.0,0.0,0.0,0.0,0.0,0.0,0.0,0.0,0.0,0.0,0.0,0.0,0.0,0.0,0.0,0.0,0.0,0.0,0.0,0.0,0.0,2016-2017,0.0,36,0.0,0.0,0.0
Vitória,34,18,8,8,50,11,62,0.0,0.0,33,81,0.0,12,35.3,72.7,132.0,0.0,0.0,0.0,0.0,0.0,0.0,0.0,0.0,0.0,0.0,0.0,0.0,0.0,0.0,0.0,0.0,0.0,0.0,0.0,0.0,0.0,0.0,0.0,0.0,0.0,0.0,0.0,0.0,0.0,0.0,0.0,0.0,0.0,2016-2017,0.0,39,0.0,0.0,0.0
Braga,34,15,9,10,51,15,54,0.0,0.0,29,78,0.0,10,29.4,77.8,144.0,0.0,0.0,0.0,0.0,0.0,0.0,0.0,0.0,0.0,0.0,0.0,0.0,0.0,0.0,0.0,0.0,0.0,0.0,0.0,0.0,0.0,0.0,0.0,0.0,0.0,0.0,0.0,0.0,0.0,0.0,0.0,0.0,0.0,2016-2017,0.0,36,0.0,0.0,0.0
Marítimo,34,13,11,10,34,2,50,0.0,0.0,24,57,0.0,14,41.2,76.7,133.0,0.0,0.0,0.0,0.0,0.0,0.0,0.0,0.0,0.0,0.0,0.0,0.0,0.0,0.0,0.0,0.0,0.0,0.0,0.0,0.0,0.0,0.0,0.0,0.0,0.0,0.0,0.0,0.0,0.0,0.0,0.0,0.0,0.0,2016-2017,0.0,32,0.0,0.0,0.0
Rio Ave,34,14,7,13,41,2,49,0.0,0.0,26,64,0.0,13,38.2,73.2,142.0,0.0,0.0,0.0,0.0,0.0,0.0,0.0,0.0,0.0,0.0,0.0,0.0,0.0,0.0,0.0,0.0,0.0,0.0,0.0,0.0,0.0,0.0,0.0,0.0,0.0,0.0,0.0,0.0,0.0,0.0,0.0,0.0,0.0,2016-2017,0.0,39,0.0,0.0,0.0
Feirense,34,14,6,14,31,-14,48,0.0,0.0,19,48,0.0,9,26.5,74.4,164.0,0.0,0.0,0.0,0.0,0.0,0.0,0.0,0.0,0.0,0.0,0.0,0.0,0.0,0.0,0.0,0.0,0.0,0.0,0.0,0.0,0.0,0.0,0.0,0.0,0.0,0.0,0.0,0.0,0.0,0.0,0.0,0.0,0.0,2016-2017,0.0,45,0.0,0.0,0.0
Boavista,34,10,13,11,33,-3,43,0.0,0.0,19,52,0.0,14,41.2,71.9,121.0,0.0,0.0,0.0,0.0,0.0,0.0,0.0,0.0,0.0,0.0,0.0,0.0,0.0,0.0,0.0,0.0,0.0,0.0,0.0,0.0,0.0,0.0,0.0,0.0,0.0,0.0,0.0,0.0,0.0,0.0,0.0,0.0,0.0,2016-2017,0.0,36,0.0,0.0,0.0
Estoril,34,10,8,16,36,-6,38,0.0,0.0,16,49,0.0,8,23.5,70.5,129.0,0.0,0.0,0.0,0.0,0.0,0.0,0.0,0.0,0.0,0.0,0.0,0.0,0.0,0.0,0.0,0.0,0.0,0.0,0.0,0.0,0.0,0.0,0.0,0.0,0.0,0.0,0.0,0.0,0.0,0.0,0.0,0.0,0.0,2016-2017,0.0,42,0.0,0.0,0.0
Chaves,34,8,14,12,35,-7,38,0.0,0.0,16,50,0.0,12,35.3,76.1,159.0,0.0,0.0,0.0,0.0,0.0,0.0,0.0,0.0,0.0,0.0,0.0,0.0,0.0,0.0,0.0,0.0,0.0,0.0,0.0,0.0,0.0,0.0,0.0,0.0,0.0,0.0,0.0,0.0,0.0,0.0,0.0,0.0,0.0,2016-2017,0.0,42,0.0,0.0,0.0
Vitória Setúbal,34,10,8,16,30,-9,38,0.0,0.0,16,44,0.0,11,32.4,73.8,126.0,0.0,0.0,0.0,0.0,0.0,0.0,0.0,0.0,0.0,0.0,0.0,0.0,0.0,0.0,0.0,0.0,0.0,0.0,0.0,0.0,0.0,0.0,0.0,0.0,0.0,0.0,0.0,0.0,0.0,0.0,0.0,0.0,0.0,2016-2017,0.0,39,0.0,0.0,0.0
Paços de Ferreira,34,8,12,14,32,-13,36,0.0,0.0,22,54,0.0,9,26.5,69.2,117.0,0.0,0.0,0.0,0.0,0.0,0.0,0.0,0.0,0.0,0.0,0.0,0.0,0.0,0.0,0.0,0.0,0.0,0.0,0.0,0.0,0.0,0.0,0.0,0.0,0.0,0.0,0.0,0.0,0.0,0.0,0.0,0.0,0.0,2016-2017,0.0,45,0.0,0.0,0.0
Belenenses,34,9,9,16,27,-18,36,0.0,0.0,15,41,0.0,8,23.5,67.5,123.0,0.0,0.0,0.0,0.0,0.0,0.0,0.0,0.0,0.0,0.0,0.0,0.0,0.0,0.0,0.0,0.0,0.0,0.0,0.0,0.0,0.0,0.0,0.0,0.0,0.0,0.0,0.0,0.0,0.0,0.0,0.0,0.0,0.0,2016-2017,0.0,45,0.0,0.0,0.0
Moreirense,34,8,9,17,33,-15,33,0.0,0.0,27,60,0.0,6,17.6,66.2,139.0,0.0,0.0,0.0,0.0,0.0,0.0,0.0,0.0,0.0,0.0,0.0,0.0,0.0,0.0,0.0,0.0,0.0,0.0,0.0,0.0,0.0,0.0,0.0,0.0,0.0,0.0,0.0,0.0,0.0,0.0,0.0,0.0,0.0,2016-2017,0.0,48,0.0,0.0,0.0
Tondela,34,8,8,18,29,-23,32,0.0,0.0,12,40,0.0,6,17.6,72.2,158.0,0.0,0.0,0.0,0.0,0.0,0.0,0.0,0.0,0.0,0.0,0.0,0.0,0.0,0.0,0.0,0.0,0.0,0.0,0.0,0.0,0.0,0.0,0.0,0.0,0.0,0.0,0.0,0.0,0.0,0.0,0.0,0.0,0.0,2016-2017,0.0,52,0.0,0.0,0.0
Arouca,34,9,5,20,33,-24,32,0.0,0.0,25,58,0.0,5,14.7,63.3,147.0,0.0,0.0,0.0,0.0,0.0,0.0,0.0,0.0,0.0,0.0,0.0,0.0,0.0,0.0,0.0,0.0,0.0,0.0,0.0,0.0,0.0,0.0,0.0,0.0,0.0,0.0,0.0,0.0,0.0,0.0,0.0,0.0,0.0,2016-2017,0.0,57,0.0,0.0,0.0
Nacional,34,4,9,21,22,-36,21,0.0,0.0,15,35,0.0,7,20.6,71.0,186.0,0.0,0.0,0.0,0.0,0.0,0.0,0.0,0.0,0.0,0.0,0.0,0.0,0.0,0.0,0.0,0.0,0.0,0.0,0.0,0.0,0.0,0.0,0.0,0.0,0.0,0.0,0.0,0.0,0.0,0.0,0.0,0.0,0.0,2016-2017,0.0,58,0.0,0.0,0.0
Benfica,34,29,1,4,88,66,88,0.0,0.0,57,144,0.0,17,50.0,71.1,76.0,0.0,0.0,0.0,0.0,0.0,0.0,0.0,0.0,0.0,0.0,0.0,0.0,0.0,0.0,0.0,0.0,0.0,0.0,0.0,0.0,0.0,0.0,0.0,0.0,0.0,0.0,0.0,0.0,0.0,0.0,0.0,0.0,0.0,2015-2016,0.0,22,0.0,0.0,0.0
Sporting CP,34,27,5,2,79,58,86,0.0,0.0,51,130,0.0,17,50.0,75.6,86.0,0.0,0.0,0.0,0.0,0.0,0.0,0.0,0.0,0.0,0.0,0.0,0.0,0.0,0.0,0.0,0.0,0.0,0.0,0.0,0.0,0.0,0.0,0.0,0.0,0.0,0.0,0.0,0.0,0.0,0.0,0.0,0.0,0.0,2015-2016,0.0,21,0.0,0.0,0.0
Porto,34,23,4,7,67,37,73,0.0,0.0,46,112,0.0,13,38.2,68.8,96.0,0.0,0.0,0.0,0.0,0.0,0.0,0.0,0.0,0.0,0.0,0.0,0.0,0.0,0.0,0.0,0.0,0.0,0.0,0.0,0.0,0.0,0.0,0.0,0.0,0.0,0.0,0.0,0.0,0.0,0.0,0.0,0.0,0.0,2015-2016,0.0,30,0.0,0.0,0.0
Braga,34,16,10,8,54,19,58,0.0,0.0,35,89,0.0,15,44.1,72.9,129.0,0.0,0.0,0.0,0.0,0.0,0.0,0.0,0.0,0.0,0.0,0.0,0.0,0.0,0.0,0.0,0.0,0.0,0.0,0.0,0.0,0.0,0.0,0.0,0.0,0.0,0.0,0.0,0.0,0.0,0.0,0.0,0.0,0.0,2015-2016,0.0,35,0.0,0.0,0.0
Arouca,34,13,15,6,47,9,54,0.0,0.0,20,64,0.0,14,41.2,43.3,67.0,0.0,0.0,0.0,0.0,0.0,0.0,0.0,0.0,0.0,0.0,0.0,0.0,0.0,0.0,0.0,0.0,0.0,0.0,0.0,0.0,0.0,0.0,0.0,0.0,0.0,0.0,0.0,0.0,0.0,0.0,0.0,0.0,0.0,2015-2016,0.0,38,0.0,0.0,0.0
Rio Ave,34,14,8,12,44,0,50,0.0,0.0,27,71,0.0,12,35.3,71.1,152.0,0.0,0.0,0.0,0.0,0.0,0.0,0.0,0.0,0.0,0.0,0.0,0.0,0.0,0.0,0.0,0.0,0.0,0.0,0.0,0.0,0.0,0.0,0.0,0.0,0.0,0.0,0.0,0.0,0.0,0.0,0.0,0.0,0.0,2015-2016,0.0,44,0.0,0.0,0.0
Paços de Ferreira,34,13,10,11,43,1,49,0.0,0.0,17,60,0.0,12,35.3,63.6,121.0,0.0,0.0,0.0,0.0,0.0,0.0,0.0,0.0,0.0,0.0,0.0,0.0,0.0,0.0,0.0,0.0,0.0,0.0,0.0,0.0,0.0,0.0,0.0,0.0,0.0,0.0,0.0,0.0,0.0,0.0,0.0,0.0,0.0,2015-2016,0.0,42,0.0,0.0,0.0
Estoril,34,13,8,13,40,-1,47,0.0,0.0,14,53,0.0,8,23.5,66.9,124.0,0.0,0.0,0.0,0.0,0.0,0.0,0.0,0.0,0.0,0.0,0.0,0.0,0.0,0.0,0.0,0.0,0.0,0.0,0.0,0.0,0.0,0.0,0.0,0.0,0.0,0.0,0.0,0.0,0.0,0.0,0.0,0.0,0.0,2015-2016,0.0,41,0.0,0.0,0.0
Belenenses,34,10,11,13,44,-22,41,0.0,0.0,17,60,0.0,6,17.6,55.1,147.0,0.0,0.0,0.0,0.0,0.0,0.0,0.0,0.0,0.0,0.0,0.0,0.0,0.0,0.0,0.0,0.0,0.0,0.0,0.0,0.0,0.0,0.0,0.0,0.0,0.0,0.0,0.0,0.0,0.0,0.0,0.0,0.0,0.0,2015-2016,0.0,66,0.0,0.0,0.0
Vitória,34,9,13,12,45,-8,40,0.0,0.0,27,68,0.0,6,17.6,66.2,157.0,0.0,0.0,0.0,0.0,0.0,0.0,0.0,0.0,0.0,0.0,0.0,0.0,0.0,0.0,0.0,0.0,0.0,0.0,0.0,0.0,0.0,0.0,0.0,0.0,0.0,0.0,0.0,0.0,0.0,0.0,0.0,0.0,0.0,2015-2016,0.0,53,0.0,0.0,0.0
Nacional,34,10,8,16,40,-16,38,0.0,0.0,13,49,0.0,7,20.6,51.3,115.0,0.0,0.0,0.0,0.0,0.0,0.0,0.0,0.0,0.0,0.0,0.0,0.0,0.0,0.0,0.0,0.0,0.0,0.0,0.0,0.0,0.0,0.0,0.0,0.0,0.0,0.0,0.0,0.0,0.0,0.0,0.0,0.0,0.0,2015-2016,0.0,56,0.0,0.0,0.0
Moreirense,34,9,9,16,38,-16,36,0.0,0.0,18,56,0.0,10,29.4,60.1,138.0,0.0,0.0,0.0,0.0,0.0,0.0,0.0,0.0,0.0,0.0,0.0,0.0,0.0,0.0,0.0,0.0,0.0,0.0,0.0,0.0,0.0,0.0,0.0,0.0,0.0,0.0,0.0,0.0,0.0,0.0,0.0,0.0,0.0,2015-2016,0.0,54,0.0,0.0,0.0
Marítimo,34,10,5,19,45,-18,35,0.0,0.0,17,62,0.0,5,14.7,62.0,166.0,0.0,0.0,0.0,0.0,0.0,0.0,0.0,0.0,0.0,0.0,0.0,0.0,0.0,0.0,0.0,0.0,0.0,0.0,0.0,0.0,0.0,0.0,0.0,0.0,0.0,0.0,0.0,0.0,0.0,0.0,0.0,0.0,0.0,2015-2016,0.0,63,0.0,0.0,0.0
Boavista,34,8,9,17,24,-17,33,0.0,0.0,12,36,0.0,12,35.3,68.0,128.0,0.0,0.0,0.0,0.0,0.0,0.0,0.0,0.0,0.0,0.0,0.0,0.0,0.0,0.0,0.0,0.0,0.0,0.0,0.0,0.0,0.0,0.0,0.0,0.0,0.0,0.0,0.0,0.0,0.0,0.0,0.0,0.0,0.0,2015-2016,0.0,41,0.0,0.0,0.0
Vitória Setúbal,34,6,12,16,40,-21,30,0.0,0.0,20,60,0.0,6,17.6,62.1,161.0,0.0,0.0,0.0,0.0,0.0,0.0,0.0,0.0,0.0,0.0,0.0,0.0,0.0,0.0,0.0,0.0,0.0,0.0,0.0,0.0,0.0,0.0,0.0,0.0,0.0,0.0,0.0,0.0,0.0,0.0,0.0,0.0,0.0,2015-2016,0.0,61,0.0,0.0,0.0
Tondela,34,8,6,20,34,-20,30,0.0,0.0,14,46,0.0,5,14.7,63.5,148.0,0.0,0.0,0.0,0.0,0.0,0.0,0.0,0.0,0.0,0.0,0.0,0.0,0.0,0.0,0.0,0.0,0.0,0.0,0.0,0.0,0.0,0.0,0.0,0.0,0.0,0.0,0.0,0.0,0.0,0.0,0.0,0.0,0.0,2015-2016,0.0,54,0.0,0.0,0.0
União,34,7,8,19,27,-23,29,0.0,0.0,9,36,0.0,10,29.4,65.8,146.0,0.0,0.0,0.0,0.0,0.0,0.0,0.0,0.0,0.0,0.0,0.0,0.0,0.0,0.0,0.0,0.0,0.0,0.0,0.0,0.0,0.0,0.0,0.0,0.0,0.0,0.0,0.0,0.0,0.0,0.0,0.0,0.0,0.0,2015-2016,0.0,50,0.0,0.0,0.0
Académica,34,5,10,19,32,-28,25,0.0,0.0,10,41,0.0,4,11.8,59.5,148.0,0.0,0.0,0.0,0.0,0.0,0.0,0.0,0.0,0.0,0.0,0.0,0.0,0.0,0.0,0.0,0.0,0.0,0.0,0.0,0.0,0.0,0.0,0.0,0.0,0.0,0.0,0.0,0.0,0.0,0.0,0.0,0.0,0.0,2015-2016,0.0,60,0.0,0.0,0.0
Benfica,34,27,4,3,86,70,85,0.0,0.0,63,149,0.0,21,61.8,84.0,100.0,0.0,0.0,0.0,0.0,0.0,0.0,0.0,0.0,0.0,0.0,0.0,0.0,0.0,0.0,0.0,0.0,0.0,0.0,0.0,0.0,0.0,0.0,0.0,0.0,0.0,0.0,0.0,0.0,0.0,0.0,0.0,0.0,0.0,2014-2015,0.0,16,0.0,0.0,0.0
Porto,34,25,7,2,74,61,82,0.0,0.0,50,123,0.0,23,67.6,86.2,94.0,0.0,0.0,0.0,0.0,0.0,0.0,0.0,0.0,0.0,0.0,0.0,0.0,0.0,0.0,0.0,0.0,0.0,0.0,0.0,0.0,0.0,0.0,0.0,0.0,0.0,0.0,0.0,0.0,0.0,0.0,0.0,0.0,0.0,2014-2015,0.0,13,0.0,0.0,0.0
Sporting CP,34,22,10,2,67,38,76,0.0,0.0,43,109,0.0,12,35.3,77.0,126.0,0.0,0.0,0.0,0.0,0.0,0.0,0.0,0.0,0.0,0.0,0.0,0.0,0.0,0.0,0.0,0.0,0.0,0.0,0.0,0.0,0.0,0.0,0.0,0.0,0.0,0.0,0.0,0.0,0.0,0.0,0.0,0.0,0.0,2014-2015,0.0,29,0.0,0.0,0.0
Braga,34,17,7,10,55,27,58,0.0,0.0,36,88,0.0,15,44.1,72.5,102.0,0.0,0.0,0.0,0.0,0.0,0.0,0.0,0.0,0.0,0.0,0.0,0.0,0.0,0.0,0.0,0.0,0.0,0.0,0.0,0.0,0.0,0.0,0.0,0.0,0.0,0.0,0.0,0.0,0.0,0.0,0.0,0.0,0.0,2014-2015,0.0,28,0.0,0.0,0.0
Vitória,34,15,10,9,50,15,55,0.0,0.0,23,72,0.0,14,41.2,75.4,142.0,0.0,0.0,0.0,0.0,0.0,0.0,0.0,0.0,0.0,0.0,0.0,0.0,0.0,0.0,0.0,0.0,0.0,0.0,0.0,0.0,0.0,0.0,0.0,0.0,0.0,0.0,0.0,0.0,0.0,0.0,0.0,0.0,0.0,2014-2015,0.0,35,0.0,0.0,0.0
Belenenses,34,12,12,10,34,-1,48,0.0,0.0,21,54,0.0,11,32.4,73.5,132.0,0.0,0.0,0.0,0.0,0.0,0.0,0.0,0.0,0.0,0.0,0.0,0.0,0.0,0.0,0.0,0.0,0.0,0.0,0.0,0.0,0.0,0.0,0.0,0.0,0.0,0.0,0.0,0.0,0.0,0.0,0.0,0.0,0.0,2014-2015,0.0,35,0.0,0.0,0.0
Nacional,34,13,8,13,45,-1,47,0.0,0.0,28,72,0.0,10,29.4,66.7,138.0,0.0,0.0,0.0,0.0,0.0,0.0,0.0,0.0,0.0,0.0,0.0,0.0,0.0,0.0,0.0,0.0,0.0,0.0,0.0,0.0,0.0,0.0,0.0,0.0,0.0,0.0,0.0,0.0,0.0,0.0,0.0,0.0,0.0,2014-2015,0.0,46,0.0,0.0,0.0
Paços de Ferreira,34,12,11,11,40,-5,47,0.0,0.0,23,63,0.0,8,23.5,69.8,149.0,0.0,0.0,0.0,0.0,0.0,0.0,0.0,0.0,0.0,0.0,0.0,0.0,0.0,0.0,0.0,0.0,0.0,0.0,0.0,0.0,0.0,0.0,0.0,0.0,0.0,0.0,0.0,0.0,0.0,0.0,0.0,0.0,0.0,2014-2015,0.0,45,0.0,0.0,0.0
Marítimo,34,12,8,14,46,1,44,0.0,0.0,24,69,0.0,8,23.5,70.4,152.0,0.0,0.0,0.0,0.0,0.0,0.0,0.0,0.0,0.0,0.0,0.0,0.0,0.0,0.0,0.0,0.0,0.0,0.0,0.0,0.0,0.0,0.0,0.0,0.0,0.0,0.0,0.0,0.0,0.0,0.0,0.0,0.0,0.0,2014-2015,0.0,45,0.0,0.0,0.0
Rio Ave,34,10,13,11,38,-4,43,0.0,0.0,26,64,0.0,12,35.3,71.2,146.0,0.0,0.0,0.0,0.0,0.0,0.0,0.0,0.0,0.0,0.0,0.0,0.0,0.0,0.0,0.0,0.0,0.0,0.0,0.0,0.0,0.0,0.0,0.0,0.0,0.0,0.0,0.0,0.0,0.0,0.0,0.0,0.0,0.0,2014-2015,0.0,42,0.0,0.0,0.0
Moreirense,34,11,10,13,33,-9,43,0.0,0.0,23,54,0.0,10,29.4,70.8,144.0,0.0,0.0,0.0,0.0,0.0,0.0,0.0,0.0,0.0,0.0,0.0,0.0,0.0,0.0,0.0,0.0,0.0,0.0,0.0,0.0,0.0,0.0,0.0,0.0,0.0,0.0,0.0,0.0,0.0,0.0,0.0,0.0,0.0,2014-2015,0.0,42,0.0,0.0,0.0
Estoril,34,9,13,12,38,-18,40,0.0,0.0,23,61,0.0,6,17.6,65.8,155.0,0.0,0.0,0.0,0.0,0.0,0.0,0.0,0.0,0.0,0.0,0.0,0.0,0.0,0.0,0.0,0.0,0.0,0.0,0.0,0.0,0.0,0.0,0.0,0.0,0.0,0.0,0.0,0.0,0.0,0.0,0.0,0.0,0.0,2014-2015,0.0,56,0.0,0.0,0.0
Boavista,34,9,7,18,27,-23,34,0.0,0.0,23,47,0.0,9,26.5,70.1,167.0,0.0,0.0,0.0,0.0,0.0,0.0,0.0,0.0,0.0,0.0,0.0,0.0,0.0,0.0,0.0,0.0,0.0,0.0,0.0,0.0,0.0,0.0,0.0,0.0,0.0,0.0,0.0,0.0,0.0,0.0,0.0,0.0,0.0,2014-2015,0.0,50,0.0,0.0,0.0
Vitória Setúbal,34,7,8,19,24,-32,29,0.0,0.0,11,34,0.0,7,20.6,66.9,157.0,0.0,0.0,0.0,0.0,0.0,0.0,0.0,0.0,0.0,0.0,0.0,0.0,0.0,0.0,0.0,0.0,0.0,0.0,0.0,0.0,0.0,0.0,0.0,0.0,0.0,0.0,0.0,0.0,0.0,0.0,0.0,0.0,0.0,2014-2015,0.0,56,0.0,0.0,0.0
Académica,34,4,17,13,26,-20,29,0.0,0.0,13,39,0.0,9,26.5,68.3,145.0,0.0,0.0,0.0,0.0,0.0,0.0,0.0,0.0,0.0,0.0,0.0,0.0,0.0,0.0,0.0,0.0,0.0,0.0,0.0,0.0,0.0,0.0,0.0,0.0,0.0,0.0,0.0,0.0,0.0,0.0,0.0,0.0,0.0,2014-2015,0.0,46,0.0,0.0,0.0
Arouca,34,7,7,20,26,-24,28,0.0,0.0,11,37,0.0,7,20.6,67.3,153.0,0.0,0.0,0.0,0.0,0.0,0.0,0.0,0.0,0.0,0.0,0.0,0.0,0.0,0.0,0.0,0.0,0.0,0.0,0.0,0.0,0.0,0.0,0.0,0.0,0.0,0.0,0.0,0.0,0.0,0.0,0.0,0.0,0.0,2014-2015,0.0,50,0.0,0.0,0.0
Gil Vicente,34,4,11,19,25,-35,23,0.0,0.0,16,41,0.0,4,11.8,64.7,170.0,0.0,0.0,0.0,0.0,0.0,0.0,0.0,0.0,0.0,0.0,0.0,0.0,0.0,0.0,0.0,0.0,0.0,0.0,0.0,0.0,0.0,0.0,0.0,0.0,0.0,0.0,0.0,0.0,0.0,0.0,0.0,0.0,0.0,2014-2015,0.0,60,0.0,0.0,0.0
Penafiel,34,5,7,22,29,-40,22,0.0,0.0,21,48,0.0,6,17.6,59.6,171.0,0.0,0.0,0.0,0.0,0.0,0.0,0.0,0.0,0.0,0.0,0.0,0.0,0.0,0.0,0.0,0.0,0.0,0.0,0.0,0.0,0.0,0.0,0.0,0.0,0.0,0.0,0.0,0.0,0.0,0.0,0.0,0.0,0.0,2014-2015,0.0,69,0.0,0.0,0.0
Benfica,30,23,5,2,58,40,74,0.0,0.0,39,96,0.0,17,56.7,82.4,102.0,0.0,0.0,0.0,0.0,0.0,0.0,0.0,0.0,0.0,0.0,0.0,0.0,0.0,0.0,0.0,0.0,0.0,0.0,0.0,0.0,0.0,0.0,0.0,0.0,0.0,0.0,0.0,0.0,0.0,0.0,0.0,0.0,0.0,2013-2014,0.0,18,0.0,0.0,0.0
Sporting CP,30,20,7,3,54,34,67,0.0,0.0,30,83,0.0,15,50.0,78.7,94.0,0.0,0.0,0.0,0.0,0.0,0.0,0.0,0.0,0.0,0.0,0.0,0.0,0.0,0.0,0.0,0.0,0.0,0.0,0.0,0.0,0.0,0.0,0.0,0.0,0.0,0.0,0.0,0.0,0.0,0.0,0.0,0.0,0.0,2013-2014,0.0,20,0.0,0.0,0.0
Porto,30,19,4,7,57,32,61,0.0,0.0,34,91,0.0,10,33.3,76.6,107.0,0.0,0.0,0.0,0.0,0.0,0.0,0.0,0.0,0.0,0.0,0.0,0.0,0.0,0.0,0.0,0.0,0.0,0.0,0.0,0.0,0.0,0.0,0.0,0.0,0.0,0.0,0.0,0.0,0.0,0.0,0.0,0.0,0.0,2013-2014,0.0,25,0.0,0.0,0.0
Estoril,30,15,9,6,42,16,54,0.0,0.0,29,70,0.0,12,40.0,75.2,105.0,0.0,0.0,0.0,0.0,0.0,0.0,0.0,0.0,0.0,0.0,0.0,0.0,0.0,0.0,0.0,0.0,0.0,0.0,0.0,0.0,0.0,0.0,0.0,0.0,0.0,0.0,0.0,0.0,0.0,0.0,0.0,0.0,0.0,2013-2014,0.0,26,0.0,0.0,0.0
Nacional,30,11,12,7,43,10,45,0.0,0.0,22,65,0.0,10,33.3,71.1,114.0,0.0,0.0,0.0,0.0,0.0,0.0,0.0,0.0,0.0,0.0,0.0,0.0,0.0,0.0,0.0,0.0,0.0,0.0,0.0,0.0,0.0,0.0,0.0,0.0,0.0,0.0,0.0,0.0,0.0,0.0,0.0,0.0,0.0,2013-2014,0.0,33,0.0,0.0,0.0
Marítimo,30,11,8,11,40,-4,41,0.0,0.0,25,65,0.0,5,16.7,67.2,134.0,0.0,0.0,0.0,0.0,0.0,0.0,0.0,0.0,0.0,0.0,0.0,0.0,0.0,0.0,0.0,0.0,0.0,0.0,0.0,0.0,0.0,0.0,0.0,0.0,0.0,0.0,0.0,0.0,0.0,0.0,0.0,0.0,0.0,2013-2014,0.0,44,0.0,0.0,0.0
Vitória Setúbal,30,10,9,11,41,0,39,0.0,0.0,26,65,0.0,7,23.3,69.9,136.0,0.0,0.0,0.0,0.0,0.0,0.0,0.0,0.0,0.0,0.0,0.0,0.0,0.0,0.0,0.0,0.0,0.0,0.0,0.0,0.0,0.0,0.0,0.0,0.0,0.0,0.0,0.0,0.0,0.0,0.0,0.0,0.0,0.0,2013-2014,0.0,41,0.0,0.0,0.0
Académica,30,9,10,11,25,-10,37,0.0,0.0,19,44,0.0,11,36.7,69.0,113.0,0.0,0.0,0.0,0.0,0.0,0.0,0.0,0.0,0.0,0.0,0.0,0.0,0.0,0.0,0.0,0.0,0.0,0.0,0.0,0.0,0.0,0.0,0.0,0.0,0.0,0.0,0.0,0.0,0.0,0.0,0.0,0.0,0.0,2013-2014,0.0,35,0.0,0.0,0.0
Braga,30,10,7,13,39,2,37,0.0,0.0,26,63,0.0,5,16.7,69.4,121.0,0.0,0.0,0.0,0.0,0.0,0.0,0.0,0.0,0.0,0.0,0.0,0.0,0.0,0.0,0.0,0.0,0.0,0.0,0.0,0.0,0.0,0.0,0.0,0.0,0.0,0.0,0.0,0.0,0.0,0.0,0.0,0.0,0.0,2013-2014,0.0,37,0.0,0.0,0.0
Vitória,30,10,5,15,30,-5,35,0.0,0.0,19,48,0.0,12,40.0,71.1,121.0,0.0,0.0,0.0,0.0,0.0,0.0,0.0,0.0,0.0,0.0,0.0,0.0,0.0,0.0,0.0,0.0,0.0,0.0,0.0,0.0,0.0,0.0,0.0,0.0,0.0,0.0,0.0,0.0,0.0,0.0,0.0,0.0,0.0,2013-2014,0.0,35,0.0,0.0,0.0
Rio Ave,30,8,8,14,21,-14,32,0.0,0.0,12,31,0.0,10,33.3,72.0,125.0,0.0,0.0,0.0,0.0,0.0,0.0,0.0,0.0,0.0,0.0,0.0,0.0,0.0,0.0,0.0,0.0,0.0,0.0,0.0,0.0,0.0,0.0,0.0,0.0,0.0,0.0,0.0,0.0,0.0,0.0,0.0,0.0,0.0,2013-2014,0.0,35,0.0,0.0,0.0
Arouca,30,8,7,15,28,-14,31,0.0,0.0,17,44,0.0,9,30.0,70.2,141.0,0.0,0.0,0.0,0.0,0.0,0.0,0.0,0.0,0.0,0.0,0.0,0.0,0.0,0.0,0.0,0.0,0.0,0.0,0.0,0.0,0.0,0.0,0.0,0.0,0.0,0.0,0.0,0.0,0.0,0.0,0.0,0.0,0.0,2013-2014,0.0,42,0.0,0.0,0.0
Gil Vicente,30,8,7,15,23,-14,31,0.0,0.0,15,38,0.0,10,33.3,72.1,129.0,0.0,0.0,0.0,0.0,0.0,0.0,0.0,0.0,0.0,0.0,0.0,0.0,0.0,0.0,0.0,0.0,0.0,0.0,0.0,0.0,0.0,0.0,0.0,0.0,0.0,0.0,0.0,0.0,0.0,0.0,0.0,0.0,0.0,2013-2014,0.0,37,0.0,0.0,0.0
Belenenses,30,6,10,14,19,-14,28,0.0,0.0,12,31,0.0,10,33.3,72.3,119.0,0.0,0.0,0.0,0.0,0.0,0.0,0.0,0.0,0.0,0.0,0.0,0.0,0.0,0.0,0.0,0.0,0.0,0.0,0.0,0.0,0.0,0.0,0.0,0.0,0.0,0.0,0.0,0.0,0.0,0.0,0.0,0.0,0.0,2013-2014,0.0,33,0.0,0.0,0.0
Paços de Ferreira,30,6,6,18,28,-31,24,0.0,0.0,12,39,0.0,4,13.3,61.7,154.0,0.0,0.0,0.0,0.0,0.0,0.0,0.0,0.0,0.0,0.0,0.0,0.0,0.0,0.0,0.0,0.0,0.0,0.0,0.0,0.0,0.0,0.0,0.0,0.0,0.0,0.0,0.0,0.0,0.0,0.0,0.0,0.0,0.0,2013-2014,0.0,59,0.0,0.0,0.0
Olhanense,30,6,6,18,21,-28,24,0.0,0.0,9,30,0.0,4,13.3,63.7,135.0,0.0,0.0,0.0,0.0,0.0,0.0,0.0,0.0,0.0,0.0,0.0,0.0,0.0,0.0,0.0,0.0,0.0,0.0,0.0,0.0,0.0,0.0,0.0,0.0,0.0,0.0,0.0,0.0,0.0,0.0,0.0,0.0,0.0,2013-2014,0.0,49,0.0,0.0,0.0
Porto,30,24,6,0,70,56,78,0.0,0.0,45,115,0.0,19,63.3,84.3,89.0,0.0,0.0,0.0,0.0,0.0,0.0,0.0,0.0,0.0,0.0,0.0,0.0,0.0,0.0,0.0,0.0,0.0,0.0,0.0,0.0,0.0,0.0,0.0,0.0,0.0,0.0,0.0,0.0,0.0,0.0,0.0,0.0,0.0,2012-2013,0.0,14,0.0,0.0,0.0
Benfica,30,24,5,1,77,57,77,0.0,0.0,47,122,0.0,15,50.0,82.1,112.0,0.0,0.0,0.0,0.0,0.0,0.0,0.0,0.0,0.0,0.0,0.0,0.0,0.0,0.0,0.0,0.0,0.0,0.0,0.0,0.0,0.0,0.0,0.0,0.0,0.0,0.0,0.0,0.0,0.0,0.0,0.0,0.0,0.0,2012-2013,0.0,20,0.0,0.0,0.0
Paços de Ferreira,30,14,12,4,42,13,54,0.0,0.0,24,66,0.0,12,40.0,74.6,114.0,0.0,0.0,0.0,0.0,0.0,0.0,0.0,0.0,0.0,0.0,0.0,0.0,0.0,0.0,0.0,0.0,0.0,0.0,0.0,0.0,0.0,0.0,0.0,0.0,0.0,0.0,0.0,0.0,0.0,0.0,0.0,0.0,0.0,2012-2013,0.0,29,0.0,0.0,0.0
Braga,30,16,4,10,60,16,52,0.0,0.0,38,97,0.0,8,26.7,72.8,162.0,0.0,0.0,0.0,0.0,0.0,0.0,0.0,0.0,0.0,0.0,0.0,0.0,0.0,0.0,0.0,0.0,0.0,0.0,0.0,0.0,0.0,0.0,0.0,0.0,0.0,0.0,0.0,0.0,0.0,0.0,0.0,0.0,0.0,2012-2013,0.0,44,0.0,0.0,0.0
Estoril,30,13,6,11,47,10,45,0.0,0.0,27,71,0.0,8,26.7,73.9,142.0,0.0,0.0,0.0,0.0,0.0,0.0,0.0,0.0,0.0,0.0,0.0,0.0,0.0,0.0,0.0,0.0,0.0,0.0,0.0,0.0,0.0,0.0,0.0,0.0,0.0,0.0,0.0,0.0,0.0,0.0,0.0,0.0,0.0,2012-2013,0.0,37,0.0,0.0,0.0
Rio Ave,30,12,6,12,35,-7,42,0.0,0.0,23,56,0.0,6,20.0,61.5,109.0,0.0,0.0,0.0,0.0,0.0,0.0,0.0,0.0,0.0,0.0,0.0,0.0,0.0,0.0,0.0,0.0,0.0,0.0,0.0,0.0,0.0,0.0,0.0,0.0,0.0,0.0,0.0,0.0,0.0,0.0,0.0,0.0,0.0,2012-2013,0.0,42,0.0,0.0,0.0
Sporting CP,30,11,9,10,36,0,42,0.0,0.0,28,62,0.0,7,23.3,74.6,142.0,0.0,0.0,0.0,0.0,0.0,0.0,0.0,0.0,0.0,0.0,0.0,0.0,0.0,0.0,0.0,0.0,0.0,0.0,0.0,0.0,0.0,0.0,0.0,0.0,0.0,0.0,0.0,0.0,0.0,0.0,0.0,0.0,0.0,2012-2013,0.0,36,0.0,0.0,0.0
Nacional,30,11,7,12,45,-6,40,0.0,0.0,23,63,0.0,2,6.7,69.1,165.0,0.0,0.0,0.0,0.0,0.0,0.0,0.0,0.0,0.0,0.0,0.0,0.0,0.0,0.0,0.0,0.0,0.0,0.0,0.0,0.0,0.0,0.0,0.0,0.0,0.0,0.0,0.0,0.0,0.0,0.0,0.0,0.0,0.0,2012-2013,0.0,51,0.0,0.0,0.0
Vitória,30,11,7,12,36,-11,40,0.0,0.0,18,52,0.0,6,20.0,64.9,134.0,0.0,0.0,0.0,0.0,0.0,0.0,0.0,0.0,0.0,0.0,0.0,0.0,0.0,0.0,0.0,0.0,0.0,0.0,0.0,0.0,0.0,0.0,0.0,0.0,0.0,0.0,0.0,0.0,0.0,0.0,0.0,0.0,0.0,2012-2013,0.0,47,0.0,0.0,0.0
Marítimo,30,9,11,10,34,-11,38,0.0,0.0,20,54,0.0,8,26.7,66.7,135.0,0.0,0.0,0.0,0.0,0.0,0.0,0.0,0.0,0.0,0.0,0.0,0.0,0.0,0.0,0.0,0.0,0.0,0.0,0.0,0.0,0.0,0.0,0.0,0.0,0.0,0.0,0.0,0.0,0.0,0.0,0.0,0.0,0.0,2012-2013,0.0,45,0.0,0.0,0.0
Académica,30,6,10,14,33,-12,28,0.0,0.0,24,57,0.0,6,20.0,63.7,124.0,0.0,0.0,0.0,0.0,0.0,0.0,0.0,0.0,0.0,0.0,0.0,0.0,0.0,0.0,0.0,0.0,0.0,0.0,0.0,0.0,0.0,0.0,0.0,0.0,0.0,0.0,0.0,0.0,0.0,0.0,0.0,0.0,0.0,2012-2013,0.0,45,0.0,0.0,0.0
Vitória Setúbal,30,7,5,18,30,-25,26,0.0,0.0,22,52,0.0,8,26.7,64.3,154.0,0.0,0.0,0.0,0.0,0.0,0.0,0.0,0.0,0.0,0.0,0.0,0.0,0.0,0.0,0.0,0.0,0.0,0.0,0.0,0.0,0.0,0.0,0.0,0.0,0.0,0.0,0.0,0.0,0.0,0.0,0.0,0.0,0.0,2012-2013,0.0,55,0.0,0.0,0.0
Gil Vicente,30,6,7,17,31,-23,25,0.0,0.0,21,52,0.0,7,23.3,70.2,181.0,0.0,0.0,0.0,0.0,0.0,0.0,0.0,0.0,0.0,0.0,0.0,0.0,0.0,0.0,0.0,0.0,0.0,0.0,0.0,0.0,0.0,0.0,0.0,0.0,0.0,0.0,0.0,0.0,0.0,0.0,0.0,0.0,0.0,2012-2013,0.0,54,0.0,0.0,0.0
Olhanense,30,5,10,15,26,-16,25,0.0,0.0,19,43,0.0,7,23.3,71.1,149.0,0.0,0.0,0.0,0.0,0.0,0.0,0.0,0.0,0.0,0.0,0.0,0.0,0.0,0.0,0.0,0.0,0.0,0.0,0.0,0.0,0.0,0.0,0.0,0.0,0.0,0.0,0.0,0.0,0.0,0.0,0.0,0.0,0.0,2012-2013,0.0,42,0.0,0.0,0.0
Moreirense,30,5,9,16,30,-21,24,0.0,0.0,17,47,0.0,3,10.0,66.0,150.0,0.0,0.0,0.0,0.0,0.0,0.0,0.0,0.0,0.0,0.0,0.0,0.0,0.0,0.0,0.0,0.0,0.0,0.0,0.0,0.0,0.0,0.0,0.0,0.0,0.0,0.0,0.0,0.0,0.0,0.0,0.0,0.0,0.0,2012-2013,0.0,51,0.0,0.0,0.0
Beira-Mar,30,5,8,17,35,-20,23,0.0,0.0,17,52,0.0,1,3.3,68.9,177.0,0.0,0.0,0.0,0.0,0.0,0.0,0.0,0.0,0.0,0.0,0.0,0.0,0.0,0.0,0.0,0.0,0.0,0.0,0.0,0.0,0.0,0.0,0.0,0.0,0.0,0.0,0.0,0.0,0.0,0.0,0.0,0.0,0.0,2012-2013,0.0,55,0.0,0.0,0.0
Porto,30,23,6,1,69,50,75,0.0,0.0,47,114,0.0,18,60.0,80.4,107.0,0.0,0.0,0.0,0.0,0.0,0.0,0.0,0.0,0.0,0.0,0.0,0.0,0.0,0.0,0.0,0.0,0.0,0.0,0.0,0.0,0.0,0.0,0.0,0.0,0.0,0.0,0.0,0.0,0.0,0.0,0.0,0.0,0.0,2011-2012,0.0,19,0.0,0.0,0.0
Benfica,30,21,6,3,66,39,69,0.0,0.0,45,110,0.0,8,26.7,73.3,101.0,0.0,0.0,0.0,0.0,0.0,0.0,0.0,0.0,0.0,0.0,0.0,0.0,0.0,0.0,0.0,0.0,0.0,0.0,0.0,0.0,0.0,0.0,0.0,0.0,0.0,0.0,0.0,0.0,0.0,0.0,0.0,0.0,0.0,2011-2012,0.0,27,0.0,0.0,0.0
Braga,30,19,5,6,59,30,62,0.0,0.0,35,93,0.0,10,33.3,75.2,117.0,0.0,0.0,0.0,0.0,0.0,0.0,0.0,0.0,0.0,0.0,0.0,0.0,0.0,0.0,0.0,0.0,0.0,0.0,0.0,0.0,0.0,0.0,0.0,0.0,0.0,0.0,0.0,0.0,0.0,0.0,0.0,0.0,0.0,2011-2012,0.0,29,0.0,0.0,0.0
Sporting CP,30,18,5,7,47,21,59,0.0,0.0,23,69,0.0,14,46.7,73.5,98.0,0.0,0.0,0.0,0.0,0.0,0.0,0.0,0.0,0.0,0.0,0.0,0.0,0.0,0.0,0.0,0.0,0.0,0.0,0.0,0.0,0.0,0.0,0.0,0.0,0.0,0.0,0.0,0.0,0.0,0.0,0.0,0.0,0.0,2011-2012,0.0,26,0.0,0.0,0.0
Marítimo,30,14,8,8,41,3,50,0.0,0.0,25,66,0.0,7,23.3,70.3,128.0,0.0,0.0,0.0,0.0,0.0,0.0,0.0,0.0,0.0,0.0,0.0,0.0,0.0,0.0,0.0,0.0,0.0,0.0,0.0,0.0,0.0,0.0,0.0,0.0,0.0,0.0,0.0,0.0,0.0,0.0,0.0,0.0,0.0,2011-2012,0.0,38,0.0,0.0,0.0
Vitória,30,14,3,13,40,0,45,0.0,0.0,27,67,0.0,8,26.7,72.2,144.0,0.0,0.0,0.0,0.0,0.0,0.0,0.0,0.0,0.0,0.0,0.0,0.0,0.0,0.0,0.0,0.0,0.0,0.0,0.0,0.0,0.0,0.0,0.0,0.0,0.0,0.0,0.0,0.0,0.0,0.0,0.0,0.0,0.0,2011-2012,0.0,40,0.0,0.0,0.0
Nacional,30,13,5,12,48,-2,44,0.0,0.0,23,70,0.0,8,26.7,67.5,154.0,0.0,0.0,0.0,0.0,0.0,0.0,0.0,0.0,0.0,0.0,0.0,0.0,0.0,0.0,0.0,0.0,0.0,0.0,0.0,0.0,0.0,0.0,0.0,0.0,0.0,0.0,0.0,0.0,0.0,0.0,0.0,0.0,0.0,2011-2012,0.0,50,0.0,0.0,0.0
Olhanense,30,9,12,9,36,-2,39,0.0,0.0,20,55,0.0,8,26.7,73.0,141.0,0.0,0.0,0.0,0.0,0.0,0.0,0.0,0.0,0.0,0.0,0.0,0.0,0.0,0.0,0.0,0.0,0.0,0.0,0.0,0.0,0.0,0.0,0.0,0.0,0.0,0.0,0.0,0.0,0.0,0.0,0.0,0.0,0.0,2011-2012,0.0,38,0.0,0.0,0.0
Gil Vicente,30,8,10,12,31,-11,34,0.0,0.0,18,48,0.0,10,33.3,69.8,139.0,0.0,0.0,0.0,0.0,0.0,0.0,0.0,0.0,0.0,0.0,0.0,0.0,0.0,0.0,0.0,0.0,0.0,0.0,0.0,0.0,0.0,0.0,0.0,0.0,0.0,0.0,0.0,0.0,0.0,0.0,0.0,0.0,0.0,2011-2012,0.0,42,0.0,0.0,0.0
Paços de Ferreira,30,8,7,15,35,-18,31,0.0,0.0,26,61,0.0,3,10.0,64.7,150.0,0.0,0.0,0.0,0.0,0.0,0.0,0.0,0.0,0.0,0.0,0.0,0.0,0.0,0.0,0.0,0.0,0.0,0.0,0.0,0.0,0.0,0.0,0.0,0.0,0.0,0.0,0.0,0.0,0.0,0.0,0.0,0.0,0.0,2011-2012,0.0,53,0.0,0.0,0.0
Vitória Setúbal,30,8,6,16,24,-25,30,0.0,0.0,11,34,0.0,6,20.0,66.9,148.0,0.0,0.0,0.0,0.0,0.0,0.0,0.0,0.0,0.0,0.0,0.0,0.0,0.0,0.0,0.0,0.0,0.0,0.0,0.0,0.0,0.0,0.0,0.0,0.0,0.0,0.0,0.0,0.0,0.0,0.0,0.0,0.0,0.0,2011-2012,0.0,49,0.0,0.0,0.0
Beira-Mar,30,8,5,17,26,-12,29,0.0,0.0,20,46,0.0,9,30.0,72.7,139.0,0.0,0.0,0.0,0.0,0.0,0.0,0.0,0.0,0.0,0.0,0.0,0.0,0.0,0.0,0.0,0.0,0.0,0.0,0.0,0.0,0.0,0.0,0.0,0.0,0.0,0.0,0.0,0.0,0.0,0.0,0.0,0.0,0.0,2011-2012,0.0,38,0.0,0.0,0.0
Académica,30,7,8,15,27,-11,29,0.0,0.0,17,43,0.0,10,33.3,72.9,140.0,0.0,0.0,0.0,0.0,0.0,0.0,0.0,0.0,0.0,0.0,0.0,0.0,0.0,0.0,0.0,0.0,0.0,0.0,0.0,0.0,0.0,0.0,0.0,0.0,0.0,0.0,0.0,0.0,0.0,0.0,0.0,0.0,0.0,2011-2012,0.0,38,0.0,0.0,0.0
Rio Ave,30,7,7,16,33,-9,28,0.0,0.0,21,54,0.0,10,33.3,71.6,148.0,0.0,0.0,0.0,0.0,0.0,0.0,0.0,0.0,0.0,0.0,0.0,0.0,0.0,0.0,0.0,0.0,0.0,0.0,0.0,0.0,0.0,0.0,0.0,0.0,0.0,0.0,0.0,0.0,0.0,0.0,0.0,0.0,0.0,2011-2012,0.0,42,0.0,0.0,0.0
Feirense,30,5,9,16,27,-22,24,0.0,0.0,19,45,0.0,7,23.3,65.0,140.0,0.0,0.0,0.0,0.0,0.0,0.0,0.0,0.0,0.0,0.0,0.0,0.0,0.0,0.0,0.0,0.0,0.0,0.0,0.0,0.0,0.0,0.0,0.0,0.0,0.0,0.0,0.0,0.0,0.0,0.0,0.0,0.0,0.0,2011-2012,0.0,49,0.0,0.0,0.0
União de Leiria,30,5,4,21,25,-31,19,0.0,0.0,12,36,0.0,8,26.7,62.5,152.0,0.0,0.0,0.0,0.0,0.0,0.0,0.0,0.0,0.0,0.0,0.0,0.0,0.0,0.0,0.0,0.0,0.0,0.0,0.0,0.0,0.0,0.0,0.0,0.0,0.0,0.0,0.0,0.0,0.0,0.0,0.0,0.0,0.0,2011-2012,0.0,56,0.0,0.0,0.0
Porto,30,27,3,0,73,57,84,0.0,0.0,43,114,0.0,19,63.3,81.8,88.0,0.0,0.0,0.0,0.0,0.0,0.0,0.0,0.0,0.0,0.0,0.0,0.0,0.0,0.0,0.0,0.0,0.0,0.0,0.0,0.0,0.0,0.0,0.0,0.0,0.0,0.0,0.0,0.0,0.0,0.0,0.0,0.0,0.0,2010-2011,0.0,16,0.0,0.0,0.0
Benfica,30,20,3,7,61,30,63,0.0,0.0,37,98,0.0,13,43.3,72.1,111.0,0.0,0.0,0.0,0.0,0.0,0.0,0.0,0.0,0.0,0.0,0.0,0.0,0.0,0.0,0.0,0.0,0.0,0.0,0.0,0.0,0.0,0.0,0.0,0.0,0.0,0.0,0.0,0.0,0.0,0.0,0.0,0.0,0.0,2010-2011,0.0,31,0.0,0.0,0.0
Sporting CP,30,13,9,8,41,10,48,0.0,0.0,24,65,0.0,10,33.3,70.2,104.0,0.0,0.0,0.0,0.0,0.0,0.0,0.0,0.0,0.0,0.0,0.0,0.0,0.0,0.0,0.0,0.0,0.0,0.0,0.0,0.0,0.0,0.0,0.0,0.0,0.0,0.0,0.0,0.0,0.0,0.0,0.0,0.0,0.0,2010-2011,0.0,31,0.0,0.0,0.0
Braga,30,13,7,10,45,12,46,0.0,0.0,25,68,0.0,10,33.3,69.7,109.0,0.0,0.0,0.0,0.0,0.0,0.0,0.0,0.0,0.0,0.0,0.0,0.0,0.0,0.0,0.0,0.0,0.0,0.0,0.0,0.0,0.0,0.0,0.0,0.0,0.0,0.0,0.0,0.0,0.0,0.0,0.0,0.0,0.0,2010-2011,0.0,33,0.0,0.0,0.0
Vitória,30,12,7,11,36,-1,43,0.0,0.0,21,56,0.0,10,33.3,72.6,135.0,0.0,0.0,0.0,0.0,0.0,0.0,0.0,0.0,0.0,0.0,0.0,0.0,0.0,0.0,0.0,0.0,0.0,0.0,0.0,0.0,0.0,0.0,0.0,0.0,0.0,0.0,0.0,0.0,0.0,0.0,0.0,0.0,0.0,2010-2011,0.0,37,0.0,0.0,0.0
Nacional,30,11,9,10,28,-3,42,0.0,0.0,15,43,0.0,11,36.7,75.4,126.0,0.0,0.0,0.0,0.0,0.0,0.0,0.0,0.0,0.0,0.0,0.0,0.0,0.0,0.0,0.0,0.0,0.0,0.0,0.0,0.0,0.0,0.0,0.0,0.0,0.0,0.0,0.0,0.0,0.0,0.0,0.0,0.0,0.0,2010-2011,0.0,31,0.0,0.0,0.0
Paços de Ferreira,30,10,11,9,35,-7,41,0.0,0.0,19,51,0.0,9,30.0,70.6,143.0,0.0,0.0,0.0,0.0,0.0,0.0,0.0,0.0,0.0,0.0,0.0,0.0,0.0,0.0,0.0,0.0,0.0,0.0,0.0,0.0,0.0,0.0,0.0,0.0,0.0,0.0,0.0,0.0,0.0,0.0,0.0,0.0,0.0,2010-2011,0.0,42,0.0,0.0,0.0
Rio Ave,30,10,8,12,35,2,38,0.0,0.0,21,56,0.0,11,36.7,73.4,124.0,0.0,0.0,0.0,0.0,0.0,0.0,0.0,0.0,0.0,0.0,0.0,0.0,0.0,0.0,0.0,0.0,0.0,0.0,0.0,0.0,0.0,0.0,0.0,0.0,0.0,0.0,0.0,0.0,0.0,0.0,0.0,0.0,0.0,2010-2011,0.0,33,0.0,0.0,0.0
Marítimo,30,9,8,13,33,1,35,0.0,0.0,21,54,0.0,8,26.7,71.9,114.0,0.0,0.0,0.0,0.0,0.0,0.0,0.0,0.0,0.0,0.0,0.0,0.0,0.0,0.0,0.0,0.0,0.0,0.0,0.0,0.0,0.0,0.0,0.0,0.0,0.0,0.0,0.0,0.0,0.0,0.0,0.0,0.0,0.0,2010-2011,0.0,32,0.0,0.0,0.0
União de Leiria,30,9,8,13,25,-13,35,0.0,0.0,16,40,0.0,10,33.3,67.0,115.0,0.0,0.0,0.0,0.0,0.0,0.0,0.0,0.0,0.0,0.0,0.0,0.0,0.0,0.0,0.0,0.0,0.0,0.0,0.0,0.0,0.0,0.0,0.0,0.0,0.0,0.0,0.0,0.0,0.0,0.0,0.0,0.0,0.0,2010-2011,0.0,38,0.0,0.0,0.0
Olhanense,30,7,13,10,24,-10,34,0.0,0.0,18,41,0.0,10,33.3,67.0,103.0,0.0,0.0,0.0,0.0,0.0,0.0,0.0,0.0,0.0,0.0,0.0,0.0,0.0,0.0,0.0,0.0,0.0,0.0,0.0,0.0,0.0,0.0,0.0,0.0,0.0,0.0,0.0,0.0,0.0,0.0,0.0,0.0,0.0,2010-2011,0.0,34,0.0,0.0,0.0
Vitória Setúbal,30,8,10,12,29,-13,34,0.0,0.0,17,46,0.0,8,26.7,70.2,141.0,0.0,0.0,0.0,0.0,0.0,0.0,0.0,0.0,0.0,0.0,0.0,0.0,0.0,0.0,0.0,0.0,0.0,0.0,0.0,0.0,0.0,0.0,0.0,0.0,0.0,0.0,0.0,0.0,0.0,0.0,0.0,0.0,0.0,2010-2011,0.0,42,0.0,0.0,0.0
Beira-Mar,30,7,12,11,32,-4,33,0.0,0.0,26,58,0.0,6,20.0,74.5,141.0,0.0,0.0,0.0,0.0,0.0,0.0,0.0,0.0,0.0,0.0,0.0,0.0,0.0,0.0,0.0,0.0,0.0,0.0,0.0,0.0,0.0,0.0,0.0,0.0,0.0,0.0,0.0,0.0,0.0,0.0,0.0,0.0,0.0,2010-2011,0.0,36,0.0,0.0,0.0
Académica,30,7,9,14,32,-16,30,0.0,0.0,19,51,0.0,7,23.3,66.7,144.0,0.0,0.0,0.0,0.0,0.0,0.0,0.0,0.0,0.0,0.0,0.0,0.0,0.0,0.0,0.0,0.0,0.0,0.0,0.0,0.0,0.0,0.0,0.0,0.0,0.0,0.0,0.0,0.0,0.0,0.0,0.0,0.0,0.0,2010-2011,0.0,48,0.0,0.0,0.0
Portimonense,30,6,7,17,29,-20,25,0.0,0.0,20,48,0.0,4,13.3,70.1,164.0,0.0,0.0,0.0,0.0,0.0,0.0,0.0,0.0,0.0,0.0,0.0,0.0,0.0,0.0,0.0,0.0,0.0,0.0,0.0,0.0,0.0,0.0,0.0,0.0,0.0,0.0,0.0,0.0,0.0,0.0,0.0,0.0,0.0,2010-2011,0.0,49,0.0,0.0,0.0
Naval,30,5,8,17,26,-25,23,0.0,0.0,12,38,0.0,4,13.3,67.1,155.0,0.0,0.0,0.0,0.0,0.0,0.0,0.0,0.0,0.0,0.0,0.0,0.0,0.0,0.0,0.0,0.0,0.0,0.0,0.0,0.0,0.0,0.0,0.0,0.0,0.0,0.0,0.0,0.0,0.0,0.0,0.0,0.0,0.0,2010-2011,0.0,51,0.0,0.0,0.0
Benfica,30,24,4,2,78,58,76,0.0,0.0,51,128,0.0,16,53.3,78.9,95.0,0.0,0.0,0.0,0.0,0.0,0.0,0.0,0.0,0.0,0.0,0.0,0.0,0.0,0.0,0.0,0.0,0.0,0.0,0.0,0.0,0.0,0.0,0.0,0.0,0.0,0.0,0.0,0.0,0.0,0.0,0.0,0.0,0.0,2009-2010,0.0,20,0.0,0.0,0.0
Braga,30,22,5,3,48,28,71,0.0,0.0,26,73,0.0,15,50.0,82.1,112.0,0.0,0.0,0.0,0.0,0.0,0.0,0.0,0.0,0.0,0.0,0.0,0.0,0.0,0.0,0.0,0.0,0.0,0.0,0.0,0.0,0.0,0.0,0.0,0.0,0.0,0.0,0.0,0.0,0.0,0.0,0.0,0.0,0.0,2009-2010,0.0,20,0.0,0.0,0.0
Porto,30,21,5,4,70,44,68,0.0,0.0,36,106,0.0,10,33.3,75.9,108.0,0.0,0.0,0.0,0.0,0.0,0.0,0.0,0.0,0.0,0.0,0.0,0.0,0.0,0.0,0.0,0.0,0.0,0.0,0.0,0.0,0.0,0.0,0.0,0.0,0.0,0.0,0.0,0.0,0.0,0.0,0.0,0.0,0.0,2009-2010,0.0,26,0.0,0.0,0.0
Sporting CP,30,13,9,8,42,16,48,0.0,0.0,28,69,0.0,12,40.0,78.5,121.0,0.0,0.0,0.0,0.0,0.0,0.0,0.0,0.0,0.0,0.0,0.0,0.0,0.0,0.0,0.0,0.0,0.0,0.0,0.0,0.0,0.0,0.0,0.0,0.0,0.0,0.0,0.0,0.0,0.0,0.0,0.0,0.0,0.0,2009-2010,0.0,26,0.0,0.0,0.0
Marítimo,30,11,8,11,42,-1,41,0.0,0.0,14,53,0.0,7,23.3,75.6,176.0,0.0,0.0,0.0,0.0,0.0,0.0,0.0,0.0,0.0,0.0,0.0,0.0,0.0,0.0,0.0,0.0,0.0,0.0,0.0,0.0,0.0,0.0,0.0,0.0,0.0,0.0,0.0,0.0,0.0,0.0,0.0,0.0,0.0,2009-2010,0.0,43,0.0,0.0,0.0
Vitória,30,11,8,11,31,-3,41,0.0,0.0,23,54,0.0,15,50.0,76.9,147.0,0.0,0.0,0.0,0.0,0.0,0.0,0.0,0.0,0.0,0.0,0.0,0.0,0.0,0.0,0.0,0.0,0.0,0.0,0.0,0.0,0.0,0.0,0.0,0.0,0.0,0.0,0.0,0.0,0.0,0.0,0.0,0.0,0.0,2009-2010,0.0,34,0.0,0.0,0.0
Nacional,30,10,9,11,36,-10,39,0.0,0.0,16,52,0.0,6,20.0,69.7,152.0,0.0,0.0,0.0,0.0,0.0,0.0,0.0,0.0,0.0,0.0,0.0,0.0,0.0,0.0,0.0,0.0,0.0,0.0,0.0,0.0,0.0,0.0,0.0,0.0,0.0,0.0,0.0,0.0,0.0,0.0,0.0,0.0,0.0,2009-2010,0.0,46,0.0,0.0,0.0
Naval,30,10,6,14,20,-15,36,0.0,0.0,15,33,0.0,11,36.7,76.4,148.0,0.0,0.0,0.0,0.0,0.0,0.0,0.0,0.0,0.0,0.0,0.0,0.0,0.0,0.0,0.0,0.0,0.0,0.0,0.0,0.0,0.0,0.0,0.0,0.0,0.0,0.0,0.0,0.0,0.0,0.0,0.0,0.0,0.0,2009-2010,0.0,35,0.0,0.0,0.0
União de Leiria,30,9,8,13,35,-6,35,0.0,0.0,18,51,0.0,10,33.3,0.0,0.0,0.0,0.0,0.0,0.0,0.0,0.0,0.0,0.0,0.0,0.0,0.0,0.0,0.0,0.0,0.0,0.0,0.0,0.0,0.0,0.0,0.0,0.0,0.0,0.0,0.0,0.0,0.0,0.0,0.0,0.0,0.0,0.0,0.0,2009-2010,0.0,41,0.0,0.0,0.0
Paços de Ferreira,30,8,11,11,32,-5,35,0.0,0.0,12,42,0.0,6,20.0,69.9,123.0,0.0,0.0,0.0,0.0,0.0,0.0,0.0,0.0,0.0,0.0,0.0,0.0,0.0,0.0,0.0,0.0,0.0,0.0,0.0,0.0,0.0,0.0,0.0,0.0,0.0,0.0,0.0,0.0,0.0,0.0,0.0,0.0,0.0,2009-2010,0.0,37,0.0,0.0,0.0
Académica,30,8,9,13,37,-5,33,0.0,0.0,21,58,0.0,8,26.7,68.7,134.0,0.0,0.0,0.0,0.0,0.0,0.0,0.0,0.0,0.0,0.0,0.0,0.0,0.0,0.0,0.0,0.0,0.0,0.0,0.0,0.0,0.0,0.0,0.0,0.0,0.0,0.0,0.0,0.0,0.0,0.0,0.0,0.0,0.0,2009-2010,0.0,42,0.0,0.0,0.0
Rio Ave,30,6,13,11,22,-11,31,0.0,0.0,14,36,0.0,13,43.3,77.4,146.0,0.0,0.0,0.0,0.0,0.0,0.0,0.0,0.0,0.0,0.0,0.0,0.0,0.0,0.0,0.0,0.0,0.0,0.0,0.0,0.0,0.0,0.0,0.0,0.0,0.0,0.0,0.0,0.0,0.0,0.0,0.0,0.0,0.0,2009-2010,0.0,33,0.0,0.0,0.0
Olhanense,30,5,14,11,31,-15,29,0.0,0.0,15,46,0.0,8,26.7,67.9,109.0,0.0,0.0,0.0,0.0,0.0,0.0,0.0,0.0,0.0,0.0,0.0,0.0,0.0,0.0,0.0,0.0,0.0,0.0,0.0,0.0,0.0,0.0,0.0,0.0,0.0,0.0,0.0,0.0,0.0,0.0,0.0,0.0,0.0,2009-2010,0.0,46,0.0,0.0,0.0
Vitória Setúbal,30,5,10,15,29,-28,25,0.0,0.0,19,47,0.0,6,20.0,62.0,150.0,0.0,0.0,0.0,0.0,0.0,0.0,0.0,0.0,0.0,0.0,0.0,0.0,0.0,0.0,0.0,0.0,0.0,0.0,0.0,0.0,0.0,0.0,0.0,0.0,0.0,0.0,0.0,0.0,0.0,0.0,0.0,0.0,0.0,2009-2010,0.0,57,0.0,0.0,0.0
Belenenses,30,4,11,15,23,-21,23,0.0,0.0,9,32,0.0,8,26.7,71.2,153.0,0.0,0.0,0.0,0.0,0.0,0.0,0.0,0.0,0.0,0.0,0.0,0.0,0.0,0.0,0.0,0.0,0.0,0.0,0.0,0.0,0.0,0.0,0.0,0.0,0.0,0.0,0.0,0.0,0.0,0.0,0.0,0.0,0.0,2009-2010,0.0,44,0.0,0.0,0.0
Leixões,30,5,6,19,25,-26,21,0.0,0.0,14,38,0.0,5,16.7,68.5,162.0,0.0,0.0,0.0,0.0,0.0,0.0,0.0,0.0,0.0,0.0,0.0,0.0,0.0,0.0,0.0,0.0,0.0,0.0,0.0,0.0,0.0,0.0,0.0,0.0,0.0,0.0,0.0,0.0,0.0,0.0,0.0,0.0,0.0,2009-2010,0.0,51,0.0,0.0,0.0
Porto,30,21,7,2,61,43,70,0.0,0.0,38,99,0.0,16,53.3,78.3,83.0,0.0,0.0,0.0,0.0,0.0,0.0,0.0,0.0,0.0,0.0,0.0,0.0,0.0,0.0,0.0,0.0,0.0,0.0,0.0,0.0,0.0,0.0,0.0,0.0,0.0,0.0,0.0,0.0,0.0,0.0,0.0,0.0,0.0,2008-2009,0.0,18,0.0,0.0,0.0
Sporting CP,30,20,6,4,45,25,66,0.0,0.0,25,70,0.0,15,50.0,80.4,102.0,0.0,0.0,0.0,0.0,0.0,0.0,0.0,0.0,0.0,0.0,0.0,0.0,0.0,0.0,0.0,0.0,0.0,0.0,0.0,0.0,0.0,0.0,0.0,0.0,0.0,0.0,0.0,0.0,0.0,0.0,0.0,0.0,0.0,2008-2009,0.0,20,0.0,0.0,0.0
Benfica,30,17,8,5,54,22,59,0.0,0.0,24,77,0.0,9,30.0,71.4,112.0,0.0,0.0,0.0,0.0,0.0,0.0,0.0,0.0,0.0,0.0,0.0,0.0,0.0,0.0,0.0,0.0,0.0,0.0,0.0,0.0,0.0,0.0,0.0,0.0,0.0,0.0,0.0,0.0,0.0,0.0,0.0,0.0,0.0,2008-2009,0.0,32,0.0,0.0,0.0
Nacional,30,15,7,8,47,15,52,0.0,0.0,31,78,0.0,10,33.3,77.8,144.0,0.0,0.0,0.0,0.0,0.0,0.0,0.0,0.0,0.0,0.0,0.0,0.0,0.0,0.0,0.0,0.0,0.0,0.0,0.0,0.0,0.0,0.0,0.0,0.0,0.0,0.0,0.0,0.0,0.0,0.0,0.0,0.0,0.0,2008-2009,0.0,32,0.0,0.0,0.0
Braga,30,13,11,6,38,17,50,0.0,0.0,24,61,0.0,15,50.0,79.4,102.0,0.0,0.0,0.0,0.0,0.0,0.0,0.0,0.0,0.0,0.0,0.0,0.0,0.0,0.0,0.0,0.0,0.0,0.0,0.0,0.0,0.0,0.0,0.0,0.0,0.0,0.0,0.0,0.0,0.0,0.0,0.0,0.0,0.0,2008-2009,0.0,21,0.0,0.0,0.0
Leixões,30,12,9,9,30,-1,45,0.0,0.0,15,43,0.0,12,40.0,73.0,115.0,0.0,0.0,0.0,0.0,0.0,0.0,0.0,0.0,0.0,0.0,0.0,0.0,0.0,0.0,0.0,0.0,0.0,0.0,0.0,0.0,0.0,0.0,0.0,0.0,0.0,0.0,0.0,0.0,0.0,0.0,0.0,0.0,0.0,2008-2009,0.0,31,0.0,0.0,0.0
Académica,30,10,9,11,28,-4,39,0.0,0.0,15,43,0.0,10,33.3,74.8,127.0,0.0,0.0,0.0,0.0,0.0,0.0,0.0,0.0,0.0,0.0,0.0,0.0,0.0,0.0,0.0,0.0,0.0,0.0,0.0,0.0,0.0,0.0,0.0,0.0,0.0,0.0,0.0,0.0,0.0,0.0,0.0,0.0,0.0,2008-2009,0.0,32,0.0,0.0,0.0
Vitória,30,10,8,12,32,-4,38,0.0,0.0,18,48,0.0,8,26.7,75.2,145.0,0.0,0.0,0.0,0.0,0.0,0.0,0.0,0.0,0.0,0.0,0.0,0.0,0.0,0.0,0.0,0.0,0.0,0.0,0.0,0.0,0.0,0.0,0.0,0.0,0.0,0.0,0.0,0.0,0.0,0.0,0.0,0.0,0.0,2008-2009,0.0,36,0.0,0.0,0.0
Marítimo,30,9,10,11,35,-1,37,0.0,0.0,18,53,0.0,10,33.3,75.0,144.0,0.0,0.0,0.0,0.0,0.0,0.0,0.0,0.0,0.0,0.0,0.0,0.0,0.0,0.0,0.0,0.0,0.0,0.0,0.0,0.0,0.0,0.0,0.0,0.0,0.0,0.0,0.0,0.0,0.0,0.0,0.0,0.0,0.0,2008-2009,0.0,36,0.0,0.0,0.0
Paços de Ferreira,30,9,7,14,37,-5,34,0.0,0.0,15,51,0.0,9,30.0,69.3,137.0,0.0,0.0,0.0,0.0,0.0,0.0,0.0,0.0,0.0,0.0,0.0,0.0,0.0,0.0,0.0,0.0,0.0,0.0,0.0,0.0,0.0,0.0,0.0,0.0,0.0,0.0,0.0,0.0,0.0,0.0,0.0,0.0,0.0,2008-2009,0.0,42,0.0,0.0,0.0
Estrela,30,8,10,12,26,-12,34,0.0,0.0,13,39,0.0,10,33.3,70.8,130.0,0.0,0.0,0.0,0.0,0.0,0.0,0.0,0.0,0.0,0.0,0.0,0.0,0.0,0.0,0.0,0.0,0.0,0.0,0.0,0.0,0.0,0.0,0.0,0.0,0.0,0.0,0.0,0.0,0.0,0.0,0.0,0.0,0.0,2008-2009,0.0,38,0.0,0.0,0.0
Rio Ave,30,8,6,16,20,-15,30,0.0,0.0,9,29,0.0,8,26.7,75.2,141.0,0.0,0.0,0.0,0.0,0.0,0.0,0.0,0.0,0.0,0.0,0.0,0.0,0.0,0.0,0.0,0.0,0.0,0.0,0.0,0.0,0.0,0.0,0.0,0.0,0.0,0.0,0.0,0.0,0.0,0.0,0.0,0.0,0.0,2008-2009,0.0,35,0.0,0.0,0.0
Naval,30,7,8,15,25,-14,29,0.0,0.0,13,38,0.0,7,23.3,72.1,140.0,0.0,0.0,0.0,0.0,0.0,0.0,0.0,0.0,0.0,0.0,0.0,0.0,0.0,0.0,0.0,0.0,0.0,0.0,0.0,0.0,0.0,0.0,0.0,0.0,0.0,0.0,0.0,0.0,0.0,0.0,0.0,0.0,0.0,2008-2009,0.0,39,0.0,0.0,0.0
Vitória Setúbal,30,7,5,18,21,-25,26,0.0,0.0,6,27,0.0,7,23.3,64.1,128.0,0.0,0.0,0.0,0.0,0.0,0.0,0.0,0.0,0.0,0.0,0.0,0.0,0.0,0.0,0.0,0.0,0.0,0.0,0.0,0.0,0.0,0.0,0.0,0.0,0.0,0.0,0.0,0.0,0.0,0.0,0.0,0.0,0.0,2008-2009,0.0,46,0.0,0.0,0.0
Belenenses,30,5,9,16,28,-24,24,0.0,0.0,15,42,0.0,4,13.3,71.9,185.0,0.0,0.0,0.0,0.0,0.0,0.0,0.0,0.0,0.0,0.0,0.0,0.0,0.0,0.0,0.0,0.0,0.0,0.0,0.0,0.0,0.0,0.0,0.0,0.0,0.0,0.0,0.0,0.0,0.0,0.0,0.0,0.0,0.0,2008-2009,0.0,52,0.0,0.0,0.0
Trofense,30,5,8,17,25,-17,23,0.0,0.0,14,39,0.0,8,26.7,74.9,167.0,0.0,0.0,0.0,0.0,0.0,0.0,0.0,0.0,0.0,0.0,0.0,0.0,0.0,0.0,0.0,0.0,0.0,0.0,0.0,0.0,0.0,0.0,0.0,0.0,0.0,0.0,0.0,0.0,0.0,0.0,0.0,0.0,0.0,2008-2009,0.0,42,0.0,0.0,0.0
Porto,30,24,3,3,60,47,75,0.0,0.0,35,94,0.0,21,70.0,88.0,108.0,0.0,0.0,0.0,0.0,0.0,0.0,0.0,0.0,0.0,0.0,0.0,0.0,0.0,0.0,0.0,0.0,0.0,0.0,0.0,0.0,0.0,0.0,0.0,0.0,0.0,0.0,0.0,0.0,0.0,0.0,0.0,0.0,0.0,2007-2008,0.0,13,0.0,0.0,0.0
Sporting CP,30,16,7,7,46,18,55,0.0,0.0,26,72,0.0,11,36.7,79.4,136.0,0.0,0.0,0.0,0.0,0.0,0.0,0.0,0.0,0.0,0.0,0.0,0.0,0.0,0.0,0.0,0.0,0.0,0.0,0.0,0.0,0.0,0.0,0.0,0.0,0.0,0.0,0.0,0.0,0.0,0.0,0.0,0.0,0.0,2007-2008,0.0,28,0.0,0.0,0.0
Vitória,30,15,8,7,35,4,53,0.0,0.0,19,54,0.0,15,50.0,75.2,125.0,0.0,0.0,0.0,0.0,0.0,0.0,0.0,0.0,0.0,0.0,0.0,0.0,0.0,0.0,0.0,0.0,0.0,0.0,0.0,0.0,0.0,0.0,0.0,0.0,0.0,0.0,0.0,0.0,0.0,0.0,0.0,0.0,0.0,2007-2008,0.0,31,0.0,0.0,0.0
Benfica,30,13,13,4,45,24,52,0.0,0.0,25,69,0.0,13,43.3,78.6,98.0,0.0,0.0,0.0,0.0,0.0,0.0,0.0,0.0,0.0,0.0,0.0,0.0,0.0,0.0,0.0,0.0,0.0,0.0,0.0,0.0,0.0,0.0,0.0,0.0,0.0,0.0,0.0,0.0,0.0,0.0,0.0,0.0,0.0,2007-2008,0.0,21,0.0,0.0,0.0
Marítimo,30,14,4,12,39,11,46,0.0,0.0,20,59,0.0,10,33.3,79.4,136.0,0.0,0.0,0.0,0.0,0.0,0.0,0.0,0.0,0.0,0.0,0.0,0.0,0.0,0.0,0.0,0.0,0.0,0.0,0.0,0.0,0.0,0.0,0.0,0.0,0.0,0.0,0.0,0.0,0.0,0.0,0.0,0.0,0.0,2007-2008,0.0,28,0.0,0.0,0.0
Vitória Setúbal,30,11,12,7,37,4,45,0.0,0.0,19,55,0.0,11,36.7,76.1,138.0,0.0,0.0,0.0,0.0,0.0,0.0,0.0,0.0,0.0,0.0,0.0,0.0,0.0,0.0,0.0,0.0,0.0,0.0,0.0,0.0,0.0,0.0,0.0,0.0,0.0,0.0,0.0,0.0,0.0,0.0,0.0,0.0,0.0,2007-2008,0.0,33,0.0,0.0,0.0
Braga,30,10,11,9,32,-2,41,0.0,0.0,17,48,0.0,12,40.0,75.4,126.0,0.0,0.0,0.0,0.0,0.0,0.0,0.0,0.0,0.0,0.0,0.0,0.0,0.0,0.0,0.0,0.0,0.0,0.0,0.0,0.0,0.0,0.0,0.0,0.0,0.0,0.0,0.0,0.0,0.0,0.0,0.0,0.0,0.0,2007-2008,0.0,34,0.0,0.0,0.0
Belenenses,30,11,10,9,35,2,40,0.0,0.0,21,56,0.0,8,26.7,74.4,125.0,0.0,0.0,0.0,0.0,0.0,0.0,0.0,0.0,0.0,0.0,0.0,0.0,0.0,0.0,0.0,0.0,0.0,0.0,0.0,0.0,0.0,0.0,0.0,0.0,0.0,0.0,0.0,0.0,0.0,0.0,0.0,0.0,0.0,2007-2008,0.0,33,0.0,0.0,0.0
Boavista,30,8,12,10,32,-9,36,0.0,0.0,19,49,0.0,11,36.7,73.7,156.0,0.0,0.0,0.0,0.0,0.0,0.0,0.0,0.0,0.0,0.0,0.0,0.0,0.0,0.0,0.0,0.0,0.0,0.0,0.0,0.0,0.0,0.0,0.0,0.0,0.0,0.0,0.0,0.0,0.0,0.0,0.0,0.0,0.0,2007-2008,0.0,41,0.0,0.0,0.0
Nacional,30,9,8,13,23,-5,35,0.0,0.0,17,40,0.0,12,40.0,79.4,136.0,0.0,0.0,0.0,0.0,0.0,0.0,0.0,0.0,0.0,0.0,0.0,0.0,0.0,0.0,0.0,0.0,0.0,0.0,0.0,0.0,0.0,0.0,0.0,0.0,0.0,0.0,0.0,0.0,0.0,0.0,0.0,0.0,0.0,2007-2008,0.0,28,0.0,0.0,0.0
Naval,30,9,7,14,26,-19,34,0.0,0.0,19,43,0.0,7,23.3,72.2,162.0,0.0,0.0,0.0,0.0,0.0,0.0,0.0,0.0,0.0,0.0,0.0,0.0,0.0,0.0,0.0,0.0,0.0,0.0,0.0,0.0,0.0,0.0,0.0,0.0,0.0,0.0,0.0,0.0,0.0,0.0,0.0,0.0,0.0,2007-2008,0.0,45,0.0,0.0,0.0
Académica,30,6,14,10,31,-7,32,0.0,0.0,17,47,0.0,11,36.7,75.6,156.0,0.0,0.0,0.0,0.0,0.0,0.0,0.0,0.0,0.0,0.0,0.0,0.0,0.0,0.0,0.0,0.0,0.0,0.0,0.0,0.0,0.0,0.0,0.0,0.0,0.0,0.0,0.0,0.0,0.0,0.0,0.0,0.0,0.0,2007-2008,0.0,38,0.0,0.0,0.0
Estrela,30,6,13,11,29,-12,31,0.0,0.0,21,48,0.0,9,30.0,71.9,146.0,0.0,0.0,0.0,0.0,0.0,0.0,0.0,0.0,0.0,0.0,0.0,0.0,0.0,0.0,0.0,0.0,0.0,0.0,0.0,0.0,0.0,0.0,0.0,0.0,0.0,0.0,0.0,0.0,0.0,0.0,0.0,0.0,0.0,2007-2008,0.0,41,0.0,0.0,0.0
Leixões,30,4,14,12,27,-10,26,0.0,0.0,16,41,0.0,6,20.0,76.1,155.0,0.0,0.0,0.0,0.0,0.0,0.0,0.0,0.0,0.0,0.0,0.0,0.0,0.0,0.0,0.0,0.0,0.0,0.0,0.0,0.0,0.0,0.0,0.0,0.0,0.0,0.0,0.0,0.0,0.0,0.0,0.0,0.0,0.0,2007-2008,0.0,37,0.0,0.0,0.0
Paços de Ferreira,30,6,7,17,31,-18,25,0.0,0.0,20,50,0.0,2,6.7,73.4,184.0,0.0,0.0,0.0,0.0,0.0,0.0,0.0,0.0,0.0,0.0,0.0,0.0,0.0,0.0,0.0,0.0,0.0,0.0,0.0,0.0,0.0,0.0,0.0,0.0,0.0,0.0,0.0,0.0,0.0,0.0,0.0,0.0,0.0,2007-2008,0.0,49,0.0,0.0,0.0
União de Leiria,30,3,7,20,25,-28,16,0.0,0.0,18,43,0.0,4,13.3,71.8,188.0,0.0,0.0,0.0,0.0,0.0,0.0,0.0,0.0,0.0,0.0,0.0,0.0,0.0,0.0,0.0,0.0,0.0,0.0,0.0,0.0,0.0,0.0,0.0,0.0,0.0,0.0,0.0,0.0,0.0,0.0,0.0,0.0,0.0,2007-2008,0.0,53,0.0,0.0,0.0
Porto,30,22,3,5,65,45,69,0.0,0.0,34,96,0.0,13,43.3,79.6,98.0,0.0,0.0,0.0,0.0,0.0,0.0,0.0,0.0,0.0,0.0,0.0,0.0,0.0,0.0,0.0,0.0,0.0,0.0,0.0,0.0,0.0,0.0,0.0,0.0,0.0,0.0,0.0,0.0,0.0,0.0,0.0,0.0,0.0,2006-2007,0.0,20,0.0,0.0,0.0
Sporting CP,30,20,8,2,54,39,68,0.0,0.0,28,79,0.0,19,63.3,86.4,110.0,0.0,0.0,0.0,0.0,0.0,0.0,0.0,0.0,0.0,0.0,0.0,0.0,0.0,0.0,0.0,0.0,0.0,0.0,0.0,0.0,0.0,0.0,0.0,0.0,0.0,0.0,0.0,0.0,0.0,0.0,0.0,0.0,0.0,2006-2007,0.0,15,0.0,0.0,0.0
Benfica,30,20,7,3,55,35,67,0.0,0.0,27,79,0.0,17,56.7,79.4,97.0,0.0,0.0,0.0,0.0,0.0,0.0,0.0,0.0,0.0,0.0,0.0,0.0,0.0,0.0,0.0,0.0,0.0,0.0,0.0,0.0,0.0,0.0,0.0,0.0,0.0,0.0,0.0,0.0,0.0,0.0,0.0,0.0,0.0,2006-2007,0.0,20,0.0,0.0,0.0
Braga,30,14,8,8,35,5,50,0.0,0.0,22,55,0.0,10,33.3,76.2,126.0,0.0,0.0,0.0,0.0,0.0,0.0,0.0,0.0,0.0,0.0,0.0,0.0,0.0,0.0,0.0,0.0,0.0,0.0,0.0,0.0,0.0,0.0,0.0,0.0,0.0,0.0,0.0,0.0,0.0,0.0,0.0,0.0,0.0,2006-2007,0.0,30,0.0,0.0,0.0
Belenenses,30,15,4,11,36,7,49,0.0,0.0,21,57,0.0,15,50.0,78.5,135.0,0.0,0.0,0.0,0.0,0.0,0.0,0.0,0.0,0.0,0.0,0.0,0.0,0.0,0.0,0.0,0.0,0.0,0.0,0.0,0.0,0.0,0.0,0.0,0.0,0.0,0.0,0.0,0.0,0.0,0.0,0.0,0.0,0.0,2006-2007,0.0,29,0.0,0.0,0.0
Paços de Ferreira,30,10,12,8,31,-5,42,0.0,0.0,22,53,0.0,9,30.0,76.3,152.0,0.0,0.0,0.0,0.0,0.0,0.0,0.0,0.0,0.0,0.0,0.0,0.0,0.0,0.0,0.0,0.0,0.0,0.0,0.0,0.0,0.0,0.0,0.0,0.0,0.0,0.0,0.0,0.0,0.0,0.0,0.0,0.0,0.0,2006-2007,0.0,36,0.0,0.0,0.0
União de Leiria,30,10,11,9,25,-2,41,0.0,0.0,19,44,0.0,14,46.7,81.6,147.0,0.0,0.0,0.0,0.0,0.0,0.0,0.0,0.0,0.0,0.0,0.0,0.0,0.0,0.0,0.0,0.0,0.0,0.0,0.0,0.0,0.0,0.0,0.0,0.0,0.0,0.0,0.0,0.0,0.0,0.0,0.0,0.0,0.0,2006-2007,0.0,27,0.0,0.0,0.0
Nacional,30,11,6,13,41,3,39,0.0,0.0,21,59,0.0,8,26.7,75.2,149.0,0.0,0.0,0.0,0.0,0.0,0.0,0.0,0.0,0.0,0.0,0.0,0.0,0.0,0.0,0.0,0.0,0.0,0.0,0.0,0.0,0.0,0.0,0.0,0.0,0.0,0.0,0.0,0.0,0.0,0.0,0.0,0.0,0.0,2006-2007,0.0,38,0.0,0.0,0.0
Estrela,30,9,8,13,23,-13,35,0.0,0.0,16,38,0.0,11,36.7,76.3,152.0,0.0,0.0,0.0,0.0,0.0,0.0,0.0,0.0,0.0,0.0,0.0,0.0,0.0,0.0,0.0,0.0,0.0,0.0,0.0,0.0,0.0,0.0,0.0,0.0,0.0,0.0,0.0,0.0,0.0,0.0,0.0,0.0,0.0,2006-2007,0.0,36,0.0,0.0,0.0
Boavista,30,8,11,11,32,-2,35,0.0,0.0,20,52,0.0,7,23.3,73.8,130.0,0.0,0.0,0.0,0.0,0.0,0.0,0.0,0.0,0.0,0.0,0.0,0.0,0.0,0.0,0.0,0.0,0.0,0.0,0.0,0.0,0.0,0.0,0.0,0.0,0.0,0.0,0.0,0.0,0.0,0.0,0.0,0.0,0.0,2006-2007,0.0,34,0.0,0.0,0.0
Marítimo,30,8,8,14,30,-14,32,0.0,0.0,17,46,0.0,5,16.7,73.3,165.0,0.0,0.0,0.0,0.0,0.0,0.0,0.0,0.0,0.0,0.0,0.0,0.0,0.0,0.0,0.0,0.0,0.0,0.0,0.0,0.0,0.0,0.0,0.0,0.0,0.0,0.0,0.0,0.0,0.0,0.0,0.0,0.0,0.0,2006-2007,0.0,44,0.0,0.0,0.0
Naval,30,7,11,12,28,-9,32,0.0,0.0,19,46,0.0,7,23.3,77.4,164.0,0.0,0.0,0.0,0.0,0.0,0.0,0.0,0.0,0.0,0.0,0.0,0.0,0.0,0.0,0.0,0.0,0.0,0.0,0.0,0.0,0.0,0.0,0.0,0.0,0.0,0.0,0.0,0.0,0.0,0.0,0.0,0.0,0.0,2006-2007,0.0,37,0.0,0.0,0.0
Académica,30,6,8,16,28,-18,26,0.0,0.0,17,45,0.0,6,20.0,72.6,168.0,0.0,0.0,0.0,0.0,0.0,0.0,0.0,0.0,0.0,0.0,0.0,0.0,0.0,0.0,0.0,0.0,0.0,0.0,0.0,0.0,0.0,0.0,0.0,0.0,0.0,0.0,0.0,0.0,0.0,0.0,0.0,0.0,0.0,2006-2007,0.0,46,0.0,0.0,0.0
Vitória Setúbal,30,5,9,16,21,-24,24,0.0,0.0,16,36,0.0,4,13.3,69.5,141.0,0.0,0.0,0.0,0.0,0.0,0.0,0.0,0.0,0.0,0.0,0.0,0.0,0.0,0.0,0.0,0.0,0.0,0.0,0.0,0.0,0.0,0.0,0.0,0.0,0.0,0.0,0.0,0.0,0.0,0.0,0.0,0.0,0.0,2006-2007,0.0,45,0.0,0.0,0.0
Beira-Mar,30,4,11,15,28,-27,23,0.0,0.0,13,41,0.0,5,16.7,66.5,164.0,0.0,0.0,0.0,0.0,0.0,0.0,0.0,0.0,0.0,0.0,0.0,0.0,0.0,0.0,0.0,0.0,0.0,0.0,0.0,0.0,0.0,0.0,0.0,0.0,0.0,0.0,0.0,0.0,0.0,0.0,0.0,0.0,0.0,2006-2007,0.0,55,0.0,0.0,0.0
Aves,30,5,7,18,22,-20,22,0.0,0.0,9,30,0.0,6,20.0,70.2,141.0,0.0,0.0,0.0,0.0,0.0,0.0,0.0,0.0,0.0,0.0,0.0,0.0,0.0,0.0,0.0,0.0,0.0,0.0,0.0,0.0,0.0,0.0,0.0,0.0,0.0,0.0,0.0,0.0,0.0,0.0,0.0,0.0,0.0,2006-2007,0.0,42,0.0,0.0,0.0
Porto,34,24,7,3,54,38,79,0.0,0.0,29,81,0.0,22,64.7,87.4,127.0,0.0,0.0,0.0,0.0,0.0,0.0,0.0,0.0,0.0,0.0,0.0,0.0,0.0,0.0,0.0,0.0,0.0,0.0,0.0,0.0,0.0,0.0,0.0,0.0,0.0,0.0,0.0,0.0,0.0,0.0,0.0,0.0,0.0,2005-2006,0.0,16,0.0,0.0,0.0
Sporting CP,34,22,6,6,50,26,72,0.0,0.0,22,69,0.0,17,50.0,82.4,136.0,0.0,0.0,0.0,0.0,0.0,0.0,0.0,0.0,0.0,0.0,0.0,0.0,0.0,0.0,0.0,0.0,0.0,0.0,0.0,0.0,0.0,0.0,0.0,0.0,0.0,0.0,0.0,0.0,0.0,0.0,0.0,0.0,0.0,2005-2006,0.0,24,0.0,0.0,0.0
Benfica,34,20,7,7,51,22,67,0.0,0.0,29,78,0.0,18,52.9,79.0,138.0,0.0,0.0,0.0,0.0,0.0,0.0,0.0,0.0,0.0,0.0,0.0,0.0,0.0,0.0,0.0,0.0,0.0,0.0,0.0,0.0,0.0,0.0,0.0,0.0,0.0,0.0,0.0,0.0,0.0,0.0,0.0,0.0,0.0,2005-2006,0.0,29,0.0,0.0,0.0
Braga,34,17,7,10,38,16,58,0.0,0.0,27,63,0.0,18,52.9,84.9,146.0,0.0,0.0,0.0,0.0,0.0,0.0,0.0,0.0,0.0,0.0,0.0,0.0,0.0,0.0,0.0,0.0,0.0,0.0,0.0,0.0,0.0,0.0,0.0,0.0,0.0,0.0,0.0,0.0,0.0,0.0,0.0,0.0,0.0,2005-2006,0.0,22,0.0,0.0,0.0
Nacional,34,14,10,10,40,8,52,0.0,0.0,25,64,0.0,14,41.2,80.2,162.0,0.0,0.0,0.0,0.0,0.0,0.0,0.0,0.0,0.0,0.0,0.0,0.0,0.0,0.0,0.0,0.0,0.0,0.0,0.0,0.0,0.0,0.0,0.0,0.0,0.0,0.0,0.0,0.0,0.0,0.0,0.0,0.0,0.0,2005-2006,0.0,32,0.0,0.0,0.0
Boavista,34,12,14,8,37,8,50,0.0,0.0,23,60,0.0,11,32.4,79.1,139.0,0.0,0.0,0.0,0.0,0.0,0.0,0.0,0.0,0.0,0.0,0.0,0.0,0.0,0.0,0.0,0.0,0.0,0.0,0.0,0.0,0.0,0.0,0.0,0.0,0.0,0.0,0.0,0.0,0.0,0.0,0.0,0.0,0.0,2005-2006,0.0,29,0.0,0.0,0.0
União de Leiria,34,13,8,13,44,2,47,0.0,0.0,22,65,0.0,8,23.5,72.9,155.0,0.0,0.0,0.0,0.0,0.0,0.0,0.0,0.0,0.0,0.0,0.0,0.0,0.0,0.0,0.0,0.0,0.0,0.0,0.0,0.0,0.0,0.0,0.0,0.0,0.0,0.0,0.0,0.0,0.0,0.0,0.0,0.0,0.0,2005-2006,0.0,42,0.0,0.0,0.0
Vitória Setúbal,34,14,4,16,28,-5,46,0.0,0.0,17,45,0.0,14,41.2,77.7,148.0,0.0,0.0,0.0,0.0,0.0,0.0,0.0,0.0,0.0,0.0,0.0,0.0,0.0,0.0,0.0,0.0,0.0,0.0,0.0,0.0,0.0,0.0,0.0,0.0,0.0,0.0,0.0,0.0,0.0,0.0,0.0,0.0,0.0,2005-2006,0.0,33,0.0,0.0,0.0
Estrela,34,12,9,13,31,-2,45,0.0,0.0,20,51,0.0,12,35.3,80.6,170.0,0.0,0.0,0.0,0.0,0.0,0.0,0.0,0.0,0.0,0.0,0.0,0.0,0.0,0.0,0.0,0.0,0.0,0.0,0.0,0.0,0.0,0.0,0.0,0.0,0.0,0.0,0.0,0.0,0.0,0.0,0.0,0.0,0.0,2005-2006,0.0,33,0.0,0.0,0.0
Marítimo,34,10,14,10,38,1,44,0.0,0.0,22,59,0.0,10,29.4,78.4,171.0,0.0,0.0,0.0,0.0,0.0,0.0,0.0,0.0,0.0,0.0,0.0,0.0,0.0,0.0,0.0,0.0,0.0,0.0,0.0,0.0,0.0,0.0,0.0,0.0,0.0,0.0,0.0,0.0,0.0,0.0,0.0,0.0,0.0,2005-2006,0.0,37,0.0,0.0,0.0
Paços de Ferreira,34,11,9,14,38,-11,42,0.0,0.0,21,58,0.0,6,17.6,73.1,182.0,0.0,0.0,0.0,0.0,0.0,0.0,0.0,0.0,0.0,0.0,0.0,0.0,0.0,0.0,0.0,0.0,0.0,0.0,0.0,0.0,0.0,0.0,0.0,0.0,0.0,0.0,0.0,0.0,0.0,0.0,0.0,0.0,0.0,2005-2006,0.0,49,0.0,0.0,0.0
Gil Vicente,34,11,7,16,37,-5,40,0.0,0.0,23,58,0.0,8,23.5,74.7,166.0,0.0,0.0,0.0,0.0,0.0,0.0,0.0,0.0,0.0,0.0,0.0,0.0,0.0,0.0,0.0,0.0,0.0,0.0,0.0,0.0,0.0,0.0,0.0,0.0,0.0,0.0,0.0,0.0,0.0,0.0,0.0,0.0,0.0,2005-2006,0.0,42,0.0,0.0,0.0
Académica,34,10,9,15,37,-11,39,0.0,0.0,24,61,0.0,12,35.3,75.3,194.0,0.0,0.0,0.0,0.0,0.0,0.0,0.0,0.0,0.0,0.0,0.0,0.0,0.0,0.0,0.0,0.0,0.0,0.0,0.0,0.0,0.0,0.0,0.0,0.0,0.0,0.0,0.0,0.0,0.0,0.0,0.0,0.0,0.0,2005-2006,0.0,48,0.0,0.0,0.0
Naval,34,11,6,17,35,-13,39,0.0,0.0,22,56,0.0,10,29.4,72.9,177.0,0.0,0.0,0.0,0.0,0.0,0.0,0.0,0.0,0.0,0.0,0.0,0.0,0.0,0.0,0.0,0.0,0.0,0.0,0.0,0.0,0.0,0.0,0.0,0.0,0.0,0.0,0.0,0.0,0.0,0.0,0.0,0.0,0.0,2005-2006,0.0,48,0.0,0.0,0.0
Belenenses,34,11,6,17,40,-2,39,0.0,0.0,24,63,0.0,9,26.5,76.8,181.0,0.0,0.0,0.0,0.0,0.0,0.0,0.0,0.0,0.0,0.0,0.0,0.0,0.0,0.0,0.0,0.0,0.0,0.0,0.0,0.0,0.0,0.0,0.0,0.0,0.0,0.0,0.0,0.0,0.0,0.0,0.0,0.0,0.0,2005-2006,0.0,42,0.0,0.0,0.0
Rio Ave,34,8,10,16,34,-19,34,0.0,0.0,22,55,0.0,7,20.6,69.6,184.0,0.0,0.0,0.0,0.0,0.0,0.0,0.0,0.0,0.0,0.0,0.0,0.0,0.0,0.0,0.0,0.0,0.0,0.0,0.0,0.0,0.0,0.0,0.0,0.0,0.0,0.0,0.0,0.0,0.0,0.0,0.0,0.0,0.0,2005-2006,0.0,53,0.0,0.0,0.0
Vitória,34,8,10,16,28,-13,34,0.0,0.0,15,43,0.0,9,26.5,75.6,168.0,0.0,0.0,0.0,0.0,0.0,0.0,0.0,0.0,0.0,0.0,0.0,0.0,0.0,0.0,0.0,0.0,0.0,0.0,0.0,0.0,0.0,0.0,0.0,0.0,0.0,0.0,0.0,0.0,0.0,0.0,0.0,0.0,0.0,2005-2006,0.0,41,0.0,0.0,0.0
Penafiel,34,2,9,23,21,-40,15,0.0,0.0,16,35,0.0,3,8.8,67.0,185.0,0.0,0.0,0.0,0.0,0.0,0.0,0.0,0.0,0.0,0.0,0.0,0.0,0.0,0.0,0.0,0.0,0.0,0.0,0.0,0.0,0.0,0.0,0.0,0.0,0.0,0.0,0.0,0.0,0.0,0.0,0.0,0.0,0.0,2005-2006,0.0,61,0.0,0.0,0.0
Benfica,34,19,8,7,51,20,65,0.0,0.0,36,87,0.0,13,38.2,82.1,173.0,0.0,0.0,0.0,0.0,0.0,0.0,0.0,0.0,0.0,0.0,0.0,0.0,0.0,0.0,0.0,0.0,0.0,0.0,0.0,0.0,0.0,0.0,0.0,0.0,0.0,0.0,0.0,0.0,0.0,0.0,0.0,0.0,0.0,2004-2005,0.0,31,0.0,0.0,0.0
Porto,34,17,11,6,39,13,62,0.0,0.0,30,69,0.0,16,47.1,77.8,117.0,0.0,0.0,0.0,0.0,0.0,0.0,0.0,0.0,0.0,0.0,0.0,0.0,0.0,0.0,0.0,0.0,0.0,0.0,0.0,0.0,0.0,0.0,0.0,0.0,0.0,0.0,0.0,0.0,0.0,0.0,0.0,0.0,0.0,2004-2005,0.0,26,0.0,0.0,0.0
Sporting CP,34,18,7,9,66,30,61,0.0,0.0,41,103,0.0,14,41.2,71.9,128.0,0.0,0.0,0.0,0.0,0.0,0.0,0.0,0.0,0.0,0.0,0.0,0.0,0.0,0.0,0.0,0.0,0.0,0.0,0.0,0.0,0.0,0.0,0.0,0.0,0.0,0.0,0.0,0.0,0.0,0.0,0.0,0.0,0.0,2004-2005,0.0,36,0.0,0.0,0.0
Braga,34,16,10,8,45,17,58,0.0,0.0,27,69,0.0,14,41.2,78.8,132.0,0.0,0.0,0.0,0.0,0.0,0.0,0.0,0.0,0.0,0.0,0.0,0.0,0.0,0.0,0.0,0.0,0.0,0.0,0.0,0.0,0.0,0.0,0.0,0.0,0.0,0.0,0.0,0.0,0.0,0.0,0.0,0.0,0.0,2004-2005,0.0,28,0.0,0.0,0.0
Vitória,34,15,9,10,38,9,54,0.0,0.0,19,55,0.0,12,35.3,81.5,157.0,0.0,0.0,0.0,0.0,0.0,0.0,0.0,0.0,0.0,0.0,0.0,0.0,0.0,0.0,0.0,0.0,0.0,0.0,0.0,0.0,0.0,0.0,0.0,0.0,0.0,0.0,0.0,0.0,0.0,0.0,0.0,0.0,0.0,2004-2005,0.0,29,0.0,0.0,0.0
Boavista,34,13,11,10,39,-4,50,0.0,0.0,24,63,0.0,12,35.3,75.1,177.0,0.0,0.0,0.0,0.0,0.0,0.0,0.0,0.0,0.0,0.0,0.0,0.0,0.0,0.0,0.0,0.0,0.0,0.0,0.0,0.0,0.0,0.0,0.0,0.0,0.0,0.0,0.0,0.0,0.0,0.0,0.0,0.0,0.0,2004-2005,0.0,43,0.0,0.0,0.0
Marítimo,34,12,13,9,39,7,49,0.0,0.0,16,53,0.0,12,35.3,80.2,162.0,0.0,0.0,0.0,0.0,0.0,0.0,0.0,0.0,0.0,0.0,0.0,0.0,0.0,0.0,0.0,0.0,0.0,0.0,0.0,0.0,0.0,0.0,0.0,0.0,0.0,0.0,0.0,0.0,0.0,0.0,0.0,0.0,0.0,2004-2005,0.0,32,0.0,0.0,0.0
Rio Ave,34,10,17,7,35,0,47,0.0,0.0,25,60,0.0,15,44.1,76.2,193.0,0.0,0.0,0.0,0.0,0.0,0.0,0.0,0.0,0.0,0.0,0.0,0.0,0.0,0.0,0.0,0.0,0.0,0.0,0.0,0.0,0.0,0.0,0.0,0.0,0.0,0.0,0.0,0.0,0.0,0.0,0.0,0.0,0.0,2004-2005,0.0,35,0.0,0.0,0.0
Belenenses,34,13,7,14,38,4,46,0.0,0.0,25,62,0.0,12,35.3,78.9,161.0,0.0,0.0,0.0,0.0,0.0,0.0,0.0,0.0,0.0,0.0,0.0,0.0,0.0,0.0,0.0,0.0,0.0,0.0,0.0,0.0,0.0,0.0,0.0,0.0,0.0,0.0,0.0,0.0,0.0,0.0,0.0,0.0,0.0,2004-2005,0.0,34,0.0,0.0,0.0
Vitória Setúbal,34,11,11,12,46,1,44,0.0,0.0,33,78,0.0,11,32.4,77.7,206.0,0.0,0.0,0.0,0.0,0.0,0.0,0.0,0.0,0.0,0.0,0.0,0.0,0.0,0.0,0.0,0.0,0.0,0.0,0.0,0.0,0.0,0.0,0.0,0.0,0.0,0.0,0.0,0.0,0.0,0.0,0.0,0.0,0.0,2004-2005,0.0,45,0.0,0.0,0.0
Penafiel,34,13,4,17,39,-14,43,0.0,0.0,25,64,0.0,8,23.5,71.4,196.0,0.0,0.0,0.0,0.0,0.0,0.0,0.0,0.0,0.0,0.0,0.0,0.0,0.0,0.0,0.0,0.0,0.0,0.0,0.0,0.0,0.0,0.0,0.0,0.0,0.0,0.0,0.0,0.0,0.0,0.0,0.0,0.0,0.0,2004-2005,0.0,53,0.0,0.0,0.0
Nacional,34,12,5,17,46,-2,41,0.0,0.0,28,72,0.0,8,23.5,73.4,184.0,0.0,0.0,0.0,0.0,0.0,0.0,0.0,0.0,0.0,0.0,0.0,0.0,0.0,0.0,0.0,0.0,0.0,0.0,0.0,0.0,0.0,0.0,0.0,0.0,0.0,0.0,0.0,0.0,0.0,0.0,0.0,0.0,0.0,2004-2005,0.0,48,0.0,0.0,0.0
Gil Vicente,34,11,7,16,34,-6,40,0.0,0.0,31,64,0.0,8,23.5,74.5,157.0,0.0,0.0,0.0,0.0,0.0,0.0,0.0,0.0,0.0,0.0,0.0,0.0,0.0,0.0,0.0,0.0,0.0,0.0,0.0,0.0,0.0,0.0,0.0,0.0,0.0,0.0,0.0,0.0,0.0,0.0,0.0,0.0,0.0,2004-2005,0.0,40,0.0,0.0,0.0
Académica,34,9,11,14,29,-12,38,0.0,0.0,20,49,0.0,11,32.4,74.4,164.0,0.0,0.0,0.0,0.0,0.0,0.0,0.0,0.0,0.0,0.0,0.0,0.0,0.0,0.0,0.0,0.0,0.0,0.0,0.0,0.0,0.0,0.0,0.0,0.0,0.0,0.0,0.0,0.0,0.0,0.0,0.0,0.0,0.0,2004-2005,0.0,41,0.0,0.0,0.0
União de Leiria,34,8,14,12,29,-7,38,0.0,0.0,18,46,0.0,12,35.3,79.2,159.0,0.0,0.0,0.0,0.0,0.0,0.0,0.0,0.0,0.0,0.0,0.0,0.0,0.0,0.0,0.0,0.0,0.0,0.0,0.0,0.0,0.0,0.0,0.0,0.0,0.0,0.0,0.0,0.0,0.0,0.0,0.0,0.0,0.0,2004-2005,0.0,36,0.0,0.0,0.0
Moreirense,34,7,13,14,30,-13,34,0.0,0.0,18,47,0.0,11,32.4,75.0,176.0,0.0,0.0,0.0,0.0,0.0,0.0,0.0,0.0,0.0,0.0,0.0,0.0,0.0,0.0,0.0,0.0,0.0,0.0,0.0,0.0,0.0,0.0,0.0,0.0,0.0,0.0,0.0,0.0,0.0,0.0,0.0,0.0,0.0,2004-2005,0.0,43,0.0,0.0,0.0
Estoril,34,8,6,20,38,-17,30,0.0,0.0,21,58,0.0,7,20.6,72.4,199.0,0.0,0.0,0.0,0.0,0.0,0.0,0.0,0.0,0.0,0.0,0.0,0.0,0.0,0.0,0.0,0.0,0.0,0.0,0.0,0.0,0.0,0.0,0.0,0.0,0.0,0.0,0.0,0.0,0.0,0.0,0.0,0.0,0.0,2004-2005,0.0,55,0.0,0.0,0.0
Beira-Mar,34,6,12,16,30,-26,30,0.0,0.0,20,50,0.0,8,23.5,70.5,183.0,0.0,0.0,0.0,0.0,0.0,0.0,0.0,0.0,0.0,0.0,0.0,0.0,0.0,0.0,0.0,0.0,0.0,0.0,0.0,0.0,0.0,0.0,0.0,0.0,0.0,0.0,0.0,0.0,0.0,0.0,0.0,0.0,0.0,2004-2005,0.0,56,0.0,0.0,0.0
