Equipa,JogosDisputados,Vitórias,Empates,Derrotas,GolosMarcados,GolosSofridos_x,DiferençaDeGolos,Pontos,GolosEsperados_x,GolosEsperadosSofridos,DiferençaDeGolosEsperados,Golos_x,Assistências,Golos+Assistências,GolosEsperados_y,GolosEsperadosAssistidos_x,GolosEsperadosSemPenáltis_x,ConduçõesProgressivas,PassesProgressivos_x,GolosSofridos_y,JogosSemSofrerGolos,%DeJogosSemSofrerGolos,%DeDefesas,RematesÀBalizaSofridos,GolosEsperadosAposRemate,GolosEsperadosAposRemate+/-,AcoesForaDaGrandeArea,Golos_y,Remates,RematesÀBaliza,%DeRematesÀBaliza,GolosEsperados,GolosEsperadosSemPenáltis_y,%DePassesCompletos,DistanciaTotalPercorrida,DistanciaProgressivaPercorrida,Assistencias,GolosEsperadosAssistidos_y,PassesChave,PassesProgressivos_y,TentativasDePasse,BolasEmProfundidade,InversoesDeJogo,AcoesQueCriamRemates,AcoesQueCriamRematesPor90minutos,AcoesQueCriamGolos,AcoesQueCriamGolosPor90minutos,Desarmes,Intercecoes,Bloqueamentos,Desarmes+Intercecoes,Alivios,PosseDeBola,ToquesNaBola,ConducoesProgressivas,RececoesProgressivas,SaldoDeGolos+/-,SaldoDeGolos+/-Por90minutos,SaldoDeGolosEsperados+/-,SaldoDeGolosEsperados+/-Por90minutos,%DeDuelosAéreosGanhos,Epoca,Golos
Sporting CP,34,25,7,2,88,27,61,82,72.2,23.4,48.8,86.0,56,142,72.2,50.1,62.6,797.0,1786.0,27,15,44.1,68.5,73.0,24.2,-0.8,36.0,86.0,611.0,210.0,34.4,72.2,62.6,85.4,281706.0,93683.0,56.0,50.1,482.0,1786.0,19150.0,66.0,94.0,1108.0,32.59,145.0,4.26,545.0,252.0,318.0,797.0,556.0,60.1,22870.0,797.0,1767.0,61.0,1.79,48.8,1.43,53.1,2024-2025,
Benfica,34,25,5,4,84,28,56,80,78.8,29.2,49.5,81.0,58,139,78.8,55.5,69.7,684.0,1874.0,28,15,44.1,75.5,106.0,34.5,6.5,19.0,81.0,559.0,213.0,38.1,78.8,69.7,82.1,278683.0,97148.0,58.0,55.5,425.0,1874.0,18762.0,85.0,167.0,989.0,29.09,140.0,4.12,625.0,311.0,316.0,936.0,493.0,58.0,22577.0,684.0,1861.0,56.0,1.65,49.5,1.46,55.4,2024-2025,
Porto,34,22,5,7,65,30,35,71,56.5,30.4,26.1,65.0,44,109,56.5,37.8,47.8,578.0,1644.0,30,16,47.1,74.2,93.0,32.5,3.5,53.0,65.0,474.0,170.0,35.9,56.5,47.8,84.0,289504.0,92682.0,44.0,37.8,363.0,1644.0,19080.0,75.0,100.0,872.0,25.65,115.0,3.38,472.0,253.0,300.0,725.0,521.0,61.7,22533.0,578.0,1631.0,35.0,1.03,26.1,0.77,50.7,2024-2025,
Braga,34,19,9,6,55,30,25,66,51.3,34.2,17.1,54.0,40,94,51.3,36.9,46.5,602.0,1510.0,30,15,44.1,78.0,123.0,31.0,2.0,59.0,54.0,459.0,155.0,33.8,51.3,46.5,81.1,279688.0,90896.0,40.0,36.9,346.0,1510.0,18810.0,49.0,97.0,808.0,23.76,96.0,2.82,571.0,280.0,333.0,851.0,795.0,56.8,22526.0,602.0,1496.0,25.0,0.74,17.1,0.5,48.3,2024-2025,
Santa Clara,34,17,6,11,36,32,4,57,42.6,32.9,9.7,35.0,25,60,42.6,28.6,39.4,401.0,867.0,32,11,32.4,75.4,114.0,29.1,-2.9,27.0,35.0,378.0,124.0,32.8,42.6,39.4,73.5,177459.0,66893.0,25.0,28.6,261.0,867.0,13021.0,39.0,96.0,631.0,18.56,54.0,1.59,559.0,288.0,335.0,847.0,966.0,44.6,16921.0,401.0,858.0,4.0,0.12,9.7,0.28,51.5,2024-2025,
Vitória,34,14,12,8,47,37,10,54,44.6,32.4,12.2,43.0,27,70,44.6,31.3,42.2,504.0,1535.0,37,13,38.2,68.0,100.0,32.9,-4.1,35.0,43.0,444.0,141.0,31.8,44.6,42.2,80.7,251517.0,93103.0,27.0,31.3,322.0,1535.0,17462.0,50.0,102.0,778.0,22.88,74.0,2.18,528.0,267.0,319.0,795.0,764.0,56.7,21137.0,504.0,1526.0,10.0,0.29,12.2,0.36,49.8,2024-2025,
Famalicão,34,12,11,11,44,39,5,47,39.1,43.0,-3.9,43.0,29,72,39.1,24.9,34.4,437.0,1250.0,39,13,38.2,74.6,138.0,47.0,9.0,27.0,43.0,381.0,124.0,32.5,39.1,34.4,78.0,217884.0,81286.0,29.0,24.9,271.0,1250.0,15101.0,28.0,161.0,685.0,20.15,74.0,2.18,560.0,296.0,323.0,856.0,800.0,50.4,18939.0,437.0,1230.0,5.0,0.15,-3.9,-0.12,52.4,2024-2025,
Estoril,34,12,10,12,48,53,-5,46,41.3,58.2,-16.9,47.0,28,75,41.3,27.3,34.9,403.0,1053.0,53,7,20.6,69.5,151.0,56.1,3.1,56.0,47.0,328.0,112.0,34.1,41.3,34.9,78.4,208632.0,80292.0,28.0,27.3,244.0,1053.0,15103.0,51.0,86.0,578.0,17.0,76.0,2.24,530.0,324.0,331.0,854.0,901.0,48.9,19080.0,403.0,1039.0,-5.0,-0.15,-16.9,-0.5,47.4,2024-2025,
Casa Pia,34,12,9,13,39,44,-5,45,33.3,45.1,-11.8,36.0,26,62,33.3,22.9,30.2,397.0,960.0,44,7,20.6,77.3,163.0,45.4,2.4,27.0,36.0,314.0,98.0,31.2,33.3,30.2,75.5,193547.0,74313.0,26.0,22.9,221.0,960.0,13791.0,37.0,112.0,557.0,16.38,63.0,1.85,497.0,297.0,364.0,794.0,907.0,46.7,17574.0,397.0,951.0,-5.0,-0.15,-11.8,-0.35,49.7,2024-2025,
Moreirense,34,10,10,14,42,50,-8,40,33.4,39.5,-6.1,41.0,28,69,33.4,21.9,29.5,416.0,936.0,50,7,20.6,67.2,137.0,46.7,-3.3,30.0,41.0,342.0,125.0,36.5,33.4,29.5,78.3,200798.0,74493.0,28.0,21.9,262.0,936.0,14487.0,25.0,79.0,622.0,18.29,67.0,1.97,547.0,283.0,336.0,830.0,1015.0,47.5,18482.0,416.0,927.0,-8.0,-0.24,-6.1,-0.18,47.2,2024-2025,
Rio Ave,34,9,11,14,39,55,-16,38,38.9,54.4,-15.5,39.0,20,59,38.9,25.0,35.8,493.0,1051.0,55,5,14.7,69.2,169.0,53.1,3.1,29.0,39.0,371.0,123.0,33.2,38.9,35.8,78.4,214360.0,79707.0,20.0,25.0,261.0,1051.0,14661.0,40.0,95.0,646.0,19.0,60.0,1.76,597.0,312.0,359.0,909.0,959.0,47.8,18711.0,493.0,1041.0,-16.0,-0.47,-15.5,-0.46,48.0,2024-2025,
Arouca,34,9,11,14,35,49,-14,38,40.7,46.6,-6.0,34.0,18,52,40.7,25.2,33.5,418.0,1184.0,49,8,23.5,71.4,140.0,46.1,-0.9,50.0,34.0,390.0,119.0,30.5,40.7,33.5,79.0,228976.0,85117.0,18.0,25.2,262.0,1184.0,15955.0,70.0,76.0,699.0,20.56,60.0,1.76,552.0,297.0,376.0,849.0,852.0,52.3,19785.0,418.0,1175.0,-14.0,-0.41,-6.0,-0.18,48.8,2024-2025,
Gil Vicente FC,34,8,10,16,34,47,-13,34,33.8,42.1,-8.3,33.0,20,53,33.8,24.6,30.7,451.0,1100.0,47,7,20.6,68.0,128.0,44.0,-2.0,36.0,33.0,325.0,95.0,29.2,33.8,30.7,80.6,244400.0,82726.0,20.0,24.6,246.0,1100.0,16155.0,55.0,115.0,578.0,17.0,54.0,1.59,539.0,310.0,357.0,849.0,868.0,50.6,19987.0,451.0,1091.0,-13.0,-0.38,-8.3,-0.24,48.8,2024-2025,
Nacional,34,9,7,18,32,50,-18,34,37.8,48.2,-10.4,31.0,21,52,37.8,25.6,33.9,466.0,960.0,50,8,23.5,73.7,156.0,51.7,1.7,26.0,31.0,451.0,129.0,28.6,37.8,33.9,74.6,194690.0,74456.0,21.0,25.6,333.0,960.0,13055.0,46.0,165.0,779.0,22.91,52.0,1.53,555.0,287.0,387.0,842.0,878.0,47.5,17042.0,466.0,955.0,-18.0,-0.53,-10.4,-0.31,49.9,2024-2025,
Estrela,34,7,8,19,24,50,-26,29,29.4,45.7,-16.3,23.0,16,39,29.4,18.8,26.3,354.0,875.0,50,7,20.6,69.8,149.0,49.1,1.1,30.0,23.0,327.0,89.0,27.2,29.4,26.3,73.3,180030.0,72137.0,16.0,18.8,227.0,875.0,12566.0,59.0,86.0,539.0,15.85,41.0,1.21,613.0,306.0,388.0,919.0,969.0,44.8,16764.0,354.0,863.0,-26.0,-0.76,-16.3,-0.48,48.1,2024-2025,
AVS Futebol,34,5,12,17,25,60,-35,27,31.7,55.0,-23.3,25.0,17,42,31.7,22.0,27.7,388.0,877.0,60,8,23.5,67.4,175.0,60.5,1.5,24.0,25.0,341.0,87.0,25.5,31.7,27.7,75.7,191661.0,76821.0,17.0,22.0,242.0,877.0,13626.0,28.0,69.0,594.0,17.47,44.0,1.29,565.0,303.0,390.0,868.0,929.0,44.0,17581.0,388.0,863.0,-35.0,-1.03,-23.3,-0.68,54.6,2024-2025,
Farense,34,6,9,19,25,46,-21,27,30.5,51.4,-20.9,25.0,18,43,30.5,21.4,28.2,354.0,877.0,46,7,20.6,72.8,147.0,47.2,3.2,25.0,25.0,384.0,114.0,29.7,30.5,28.2,70.1,170392.0,72021.0,18.0,21.4,264.0,877.0,11632.0,20.0,107.0,641.0,18.85,43.0,1.26,589.0,327.0,390.0,916.0,992.0,41.3,15786.0,354.0,866.0,-21.0,-0.62,-20.9,-0.61,48.7,2024-2025,
Boavista,34,6,6,22,24,59,-35,24,32.1,56.2,-24.0,23.0,8,31,32.1,17.5,26.9,264.0,886.0,59,7,20.6,69.4,173.0,57.1,1.1,25.0,23.0,345.0,102.0,29.6,32.1,26.9,71.3,163678.0,69336.0,8.0,17.5,229.0,886.0,12251.0,40.0,92.0,587.0,17.26,33.0,0.97,565.0,313.0,336.0,878.0,843.0,40.3,15990.0,264.0,880.0,-35.0,-1.03,-24.0,-0.71,49.1,2024-2025,
Sporting CP,34,29,3,2,96,29,67,90,72.5,26.4,46.2,93.0,67,160,72.5,55.5,69.2,719.0,1669.0,29,16,47.1,68.4,79.0,24.4,-4.6,18.0,93.0,555.0,211.0,38.0,72.5,69.2,84.1,275295.0,97248.0,67.0,55.5,431.0,1669.0,19452.0,63.0,77.0,985.0,28.97,159.0,4.68,562.0,216.0,281.0,778.0,420.0,59.1,22840.0,719.0,1647.0,67.0,1.97,46.2,1.36,54.1,2023-2024,
Benfica,34,25,5,4,77,28,49,80,77.0,32.1,45.0,76.0,59,135,77.0,59.0,72.3,807.0,1880.0,28,16,47.1,78.8,113.0,35.5,7.5,21.0,76.0,581.0,231.0,39.8,77.0,72.3,83.8,289741.0,101234.0,59.0,59.0,455.0,1880.0,20589.0,91.0,138.0,1046.0,30.76,132.0,3.88,657.0,298.0,397.0,955.0,457.0,59.1,24432.0,807.0,1868.0,49.0,1.44,45.0,1.32,51.6,2023-2024,
Porto,34,22,6,6,63,27,36,72,64.5,28.5,36.0,62.0,46,108,64.5,46.8,58.0,819.0,1869.0,27,13,38.2,71.6,81.0,26.1,1.1,57.0,62.0,563.0,177.0,31.4,64.5,58.0,83.3,293647.0,97602.0,46.0,46.8,430.0,1869.0,19449.0,96.0,102.0,1026.0,30.18,110.0,3.24,484.0,215.0,308.0,699.0,440.0,63.1,22988.0,819.0,1856.0,36.0,1.06,36.0,1.06,52.8,2023-2024,
Braga,34,21,5,8,71,50,21,68,63.7,47.7,15.9,70.0,49,119,63.7,48.1,59.7,601.0,1678.0,50,6,17.6,65.4,127.0,46.4,-1.6,72.0,70.0,545.0,202.0,37.1,63.7,59.7,81.7,280854.0,100241.0,49.0,48.1,422.0,1678.0,18817.0,46.0,108.0,992.0,29.18,119.0,3.5,518.0,310.0,328.0,828.0,593.0,56.8,22609.0,601.0,1664.0,21.0,0.62,15.9,0.47,50.3,2023-2024,
Vitória,34,19,6,9,52,38,14,63,45.1,39.3,5.8,49.0,35,84,45.1,32.3,39.0,467.0,1361.0,38,10,29.4,73.8,126.0,45.5,8.5,39.0,49.0,452.0,135.0,29.9,45.1,39.0,75.3,207172.0,85898.0,35.0,32.3,336.0,1361.0,15030.0,39.0,104.0,786.0,23.12,85.0,2.5,505.0,277.0,366.0,782.0,643.0,48.6,18766.0,467.0,1353.0,14.0,0.41,5.8,0.17,54.5,2023-2024,
Moreirense,34,16,7,11,36,35,1,55,32.8,32.5,0.3,35.0,30,65,32.8,25.6,30.5,503.0,1054.0,35,16,47.1,73.4,128.0,35.2,1.2,18.0,35.0,393.0,110.0,28.0,32.8,30.5,77.8,217860.0,82989.0,30.0,25.6,297.0,1054.0,14914.0,35.0,76.0,674.0,19.82,62.0,1.82,532.0,318.0,382.0,850.0,797.0,46.2,18755.0,503.0,1047.0,1.0,0.03,0.3,0.01,47.2,2023-2024,
Arouca,34,13,7,14,54,50,4,46,47.6,49.5,-1.9,51.0,38,89,47.6,32.1,42.5,473.0,1317.0,50,5,14.7,71.3,150.0,51.4,2.4,69.0,51.0,459.0,157.0,34.2,47.6,42.5,80.2,254209.0,90188.0,38.0,32.1,332.0,1317.0,17348.0,51.0,98.0,793.0,23.32,83.0,2.44,530.0,262.0,361.0,792.0,637.0,53.7,20905.0,473.0,1306.0,4.0,0.12,-1.9,-0.06,50.1,2023-2024,
Famalicão,34,10,12,12,37,41,-4,42,35.8,45.7,-9.9,37.0,23,60,35.8,24.2,32.0,507.0,976.0,41,8,23.5,74.5,149.0,49.2,10.2,49.0,37.0,446.0,118.0,26.5,35.8,32.0,77.9,228716.0,86213.0,23.0,24.2,316.0,976.0,14426.0,25.0,174.0,770.0,22.65,64.0,1.88,548.0,299.0,372.0,847.0,687.0,47.1,18291.0,507.0,968.0,-4.0,-0.12,-9.9,-0.29,55.1,2023-2024,
Casa Pia,34,10,8,16,38,50,-12,38,29.4,43.1,-13.7,37.0,27,64,29.4,19.5,26.2,472.0,985.0,50,10,29.4,69.2,159.0,47.6,-2.4,22.0,37.0,352.0,115.0,32.7,29.4,26.2,77.2,198436.0,79271.0,27.0,19.5,256.0,985.0,14094.0,51.0,95.0,613.0,18.03,70.0,2.06,499.0,286.0,366.0,785.0,712.0,43.8,17791.0,472.0,972.0,-12.0,-0.35,-13.7,-0.4,44.6,2023-2024,
Farense,34,10,7,17,46,51,-5,37,44.3,55.6,-11.4,46.0,26,72,44.3,27.6,39.1,406.0,944.0,51,7,20.6,76.6,192.0,62.6,12.6,18.0,46.0,389.0,142.0,36.5,44.3,39.1,71.7,191166.0,75812.0,26.0,27.6,260.0,944.0,13093.0,30.0,110.0,645.0,18.97,75.0,2.21,515.0,332.0,472.0,847.0,1004.0,42.4,17135.0,406.0,932.0,-5.0,-0.15,-11.4,-0.33,47.9,2023-2024,
Rio Ave,34,6,19,9,38,43,-5,37,38.7,42.5,-3.8,36.0,22,58,38.7,25.5,31.9,451.0,1085.0,43,10,29.4,74.1,158.0,47.0,5.0,32.0,36.0,346.0,98.0,28.3,38.7,31.9,78.6,229619.0,83476.0,22.0,25.5,250.0,1085.0,15665.0,35.0,109.0,601.0,17.68,63.0,1.85,541.0,289.0,403.0,830.0,755.0,48.7,19527.0,451.0,1075.0,-5.0,-0.15,-3.8,-0.11,50.5,2023-2024,
Gil Vicente FC,34,9,9,16,42,52,-10,36,40.5,49.4,-8.9,42.0,28,70,40.5,25.4,34.4,565.0,1144.0,52,9,26.5,69.5,154.0,47.7,-2.3,39.0,42.0,351.0,128.0,36.5,40.5,34.4,78.0,228900.0,82263.0,28.0,25.4,271.0,1144.0,16065.0,55.0,84.0,629.0,18.5,70.0,2.06,540.0,303.0,373.0,843.0,677.0,49.3,19718.0,565.0,1138.0,-10.0,-0.29,-8.9,-0.26,50.8,2023-2024,
Estoril,34,9,6,19,49,58,-9,33,39.2,51.7,-12.5,49.0,27,76,39.2,26.5,37.7,570.0,1060.0,58,10,29.4,66.5,167.0,52.8,-2.2,38.0,49.0,391.0,135.0,34.5,39.2,37.7,79.0,228158.0,82076.0,27.0,26.5,281.0,1060.0,15367.0,45.0,122.0,675.0,19.85,85.0,2.5,538.0,269.0,359.0,807.0,687.0,48.7,19136.0,570.0,1052.0,-9.0,-0.26,-12.5,-0.37,43.4,2023-2024,
Estrela,34,7,12,15,33,53,-20,33,38.6,49.4,-10.8,29.0,18,47,38.6,29.7,37.8,405.0,1057.0,53,7,20.6,65.5,148.0,51.1,-0.9,48.0,29.0,369.0,105.0,28.5,38.6,37.8,75.0,210850.0,84151.0,18.0,29.7,281.0,1057.0,14750.0,38.0,106.0,631.0,18.56,50.0,1.47,574.0,281.0,390.0,855.0,709.0,47.0,18594.0,405.0,1046.0,-20.0,-0.59,-10.8,-0.32,51.8,2023-2024,
Boavista,34,7,11,16,39,62,-23,32,36.1,53.9,-17.8,37.0,18,55,36.1,24.8,32.3,411.0,1008.0,62,3,8.8,66.3,172.0,58.3,-2.7,24.0,37.0,334.0,106.0,31.7,36.1,32.3,77.5,220400.0,80189.0,18.0,24.8,242.0,1008.0,15162.0,34.0,159.0,593.0,17.44,63.0,1.85,554.0,273.0,348.0,827.0,705.0,48.2,18742.0,411.0,1000.0,-23.0,-0.68,-17.8,-0.52,51.0,2023-2024,
Portimonense,34,8,8,18,39,72,-33,32,35.3,56.7,-21.4,39.0,30,69,35.3,23.8,30.6,516.0,976.0,72,3,8.8,61.5,174.0,66.9,-0.1,25.0,39.0,375.0,118.0,31.5,35.3,30.6,75.0,196527.0,77344.0,30.0,23.8,273.0,976.0,13854.0,15.0,94.0,648.0,19.06,68.0,2.0,661.0,356.0,402.0,1017.0,811.0,44.7,17990.0,516.0,968.0,-33.0,-0.97,-21.4,-0.63,44.9,2023-2024,
Vizela,34,5,11,18,36,66,-30,26,40.6,51.4,-10.9,34.0,25,59,40.6,28.8,37.4,462.0,1244.0,66,8,23.5,62.1,161.0,54.1,-9.9,46.0,34.0,420.0,134.0,31.9,40.6,37.4,78.2,210202.0,85979.0,25.0,28.8,317.0,1244.0,15405.0,43.0,93.0,746.0,21.94,58.0,1.71,521.0,266.0,384.0,787.0,766.0,49.6,19292.0,462.0,1234.0,-30.0,-0.88,-10.9,-0.32,49.3,2023-2024,
Chaves,34,5,8,21,31,72,-41,23,34.3,60.5,-26.3,30.0,18,48,34.3,22.5,29.5,414.0,925.0,72,4,11.8,64.1,184.0,65.3,-6.7,15.0,30.0,374.0,111.0,29.7,34.3,29.5,74.9,191781.0,77406.0,18.0,22.5,268.0,925.0,13419.0,26.0,121.0,641.0,18.85,46.0,1.35,473.0,294.0,364.0,767.0,730.0,43.8,17046.0,414.0,917.0,-41.0,-1.21,-26.3,-0.77,49.5,2023-2024,
Benfica,34,28,3,3,82,20,62,87,87.1,23.0,64.1,78.0,51,129,87.1,61.3,77.0,763.0,1955.0,20,21,61.8,75.3,73.0,20.3,1.3,29.0,78.0,568.0,193.0,34.0,87.1,77.0,84.5,315310.0,103650.0,51.0,61.3,437.0,1955.0,22135.0,73.0,155.0,1025.0,30.15,137.0,4.03,660.0,364.0,327.0,1024.0,390.0,63.2,25943.0,763.0,1944.0,62.0,1.82,64.1,1.89,54.1,2022-2023,
Porto,34,27,4,3,73,22,51,85,74.0,27.8,46.1,71.0,49,120,74.0,52.6,65.2,741.0,1624.0,22,17,50.0,77.2,79.0,25.1,6.1,45.0,71.0,509.0,180.0,35.4,74.0,65.2,81.5,273118.0,97649.0,49.0,52.6,391.0,1624.0,18528.0,142.0,131.0,908.0,26.71,123.0,3.62,593.0,333.0,324.0,926.0,487.0,58.4,22214.0,741.0,1604.0,51.0,1.5,46.1,1.36,59.0,2022-2023,
Braga,34,25,3,6,75,30,45,78,59.0,39.6,19.4,72.0,50,122,59.0,40.8,54.2,613.0,1511.0,30,17,50.0,77.0,113.0,33.3,3.3,54.0,72.0,552.0,217.0,39.3,59.0,54.2,80.3,276959.0,96649.0,50.0,40.8,407.0,1511.0,18309.0,66.0,189.0,978.0,28.76,121.0,3.56,530.0,374.0,373.0,904.0,587.0,54.3,22055.0,613.0,1498.0,45.0,1.32,19.4,0.57,52.0,2022-2023,
Sporting CP,34,23,5,6,71,32,39,74,69.9,28.4,41.5,66.0,51,117,69.9,50.1,62.0,875.0,1847.0,32,14,41.2,70.5,95.0,32.8,1.8,31.0,66.0,544.0,185.0,34.0,69.9,62.0,84.4,315993.0,98694.0,51.0,50.1,414.0,1847.0,21201.0,89.0,135.0,980.0,28.82,114.0,3.35,595.0,293.0,295.0,888.0,363.0,63.1,24715.0,875.0,1834.0,39.0,1.15,41.5,1.22,54.8,2022-2023,
Arouca,34,15,9,10,36,37,-1,54,39.7,50.4,-10.8,36.0,23,59,39.7,26.1,35.0,400.0,1022.0,37,15,44.1,78.5,149.0,47.6,11.6,31.0,36.0,355.0,119.0,33.5,39.7,35.0,77.5,223596.0,87751.0,23.0,26.1,268.0,1022.0,15448.0,78.0,132.0,603.0,17.74,60.0,1.76,568.0,355.0,369.0,923.0,777.0,47.9,19341.0,400.0,1019.0,-1.0,-0.03,-10.8,-0.32,49.0,2022-2023,
Vitória,34,16,5,13,34,39,-5,53,35.1,41.2,-6.0,34.0,25,59,35.1,24.9,31.4,516.0,1132.0,39,14,41.2,71.1,128.0,40.6,2.6,45.0,34.0,396.0,115.0,29.0,35.1,31.4,76.8,210741.0,83755.0,25.0,24.9,271.0,1132.0,14815.0,54.0,119.0,690.0,20.29,59.0,1.74,579.0,350.0,359.0,929.0,703.0,47.8,18730.0,516.0,1122.0,-5.0,-0.15,-6.0,-0.18,46.0,2022-2023,
Chaves,34,12,10,12,35,40,-5,46,44.9,54.8,-9.9,34.0,17,51,44.9,26.9,37.1,521.0,1209.0,40,10,29.4,79.8,168.0,49.4,9.4,55.0,34.0,443.0,140.0,31.6,44.9,37.1,77.2,211796.0,86357.0,17.0,26.9,325.0,1209.0,14227.0,50.0,110.0,786.0,23.12,55.0,1.62,477.0,336.0,428.0,813.0,739.0,46.3,18162.0,521.0,1204.0,-5.0,-0.15,-9.9,-0.29,49.1,2022-2023,
Famalicão,34,13,5,16,39,47,-8,44,37.6,48.0,-10.4,37.0,31,68,37.6,29.1,33.7,515.0,1096.0,47,10,29.4,74.4,156.0,44.4,-0.6,33.0,37.0,425.0,115.0,27.1,37.6,33.7,78.0,224596.0,85561.0,31.0,29.1,323.0,1096.0,14900.0,39.0,179.0,746.0,21.94,70.0,2.06,587.0,330.0,396.0,917.0,717.0,47.1,18864.0,515.0,1089.0,-8.0,-0.24,-10.4,-0.31,49.1,2022-2023,
Boavista,34,12,8,14,43,54,-11,44,40.8,47.7,-7.0,43.0,35,78,40.8,28.8,37.6,518.0,1087.0,54,6,17.6,65.7,143.0,52.7,0.7,25.0,43.0,365.0,118.0,32.3,40.8,37.6,77.8,221552.0,81190.0,35.0,28.8,275.0,1087.0,15388.0,41.0,123.0,643.0,18.91,82.0,2.41,562.0,362.0,282.0,924.0,636.0,48.4,18985.0,518.0,1076.0,-11.0,-0.32,-7.0,-0.2,43.3,2022-2023,
Casa Pia,34,11,8,15,31,40,-9,41,37.6,48.6,-10.9,29.0,20,49,37.6,27.6,34.5,503.0,1062.0,40,11,32.4,77.0,152.0,47.6,9.6,30.0,29.0,378.0,112.0,29.6,37.6,34.5,75.7,189632.0,74859.0,20.0,27.6,291.0,1062.0,13947.0,42.0,64.0,655.0,19.26,51.0,1.5,551.0,350.0,414.0,901.0,709.0,42.0,17817.0,503.0,1049.0,-9.0,-0.26,-10.9,-0.32,46.4,2022-2023,
Vizela,34,11,7,16,34,38,-4,40,42.2,41.7,0.6,30.0,24,54,42.2,30.5,40.0,419.0,1150.0,38,11,32.4,77.7,139.0,39.9,2.9,36.0,30.0,406.0,148.0,36.5,42.2,40.0,75.0,190235.0,80839.0,24.0,30.5,295.0,1150.0,14729.0,55.0,83.0,680.0,20.0,49.0,1.44,558.0,381.0,370.0,939.0,817.0,45.5,18528.0,419.0,1143.0,-4.0,-0.12,0.6,0.02,47.7,2022-2023,
Rio Ave,34,10,10,14,36,43,-7,40,35.8,48.7,-13.0,35.0,29,64,35.8,26.5,30.9,523.0,1148.0,43,10,29.4,72.7,154.0,46.2,6.2,31.0,35.0,380.0,116.0,30.5,35.8,30.9,79.7,239467.0,86039.0,29.0,26.5,280.0,1148.0,15875.0,40.0,156.0,682.0,20.06,65.0,1.91,542.0,298.0,390.0,840.0,700.0,48.6,19719.0,523.0,1141.0,-7.0,-0.21,-13.0,-0.38,46.8,2022-2023,
Gil Vicente FC,34,10,7,17,32,41,-9,37,45.2,54.8,-9.6,31.0,19,50,45.2,29.1,39.0,576.0,1428.0,41,8,23.5,78.4,176.0,51.9,10.9,60.0,31.0,436.0,136.0,31.2,45.2,39.0,79.6,253577.0,94737.0,19.0,29.1,314.0,1428.0,17360.0,82.0,162.0,779.0,22.91,51.0,1.5,539.0,306.0,369.0,845.0,593.0,53.7,21140.0,576.0,1419.0,-9.0,-0.26,-9.6,-0.28,51.8,2022-2023,
Estoril,34,10,5,19,33,49,-16,35,33.4,59.0,-25.5,33.0,26,59,33.4,22.3,30.3,500.0,1015.0,49,8,23.5,75.9,162.0,56.6,8.6,32.0,33.0,351.0,111.0,31.6,33.4,30.3,77.7,219402.0,76986.0,26.0,22.3,246.0,1015.0,14168.0,43.0,202.0,592.0,17.41,59.0,1.74,513.0,250.0,333.0,763.0,647.0,47.6,17835.0,500.0,1010.0,-16.0,-0.47,-25.5,-0.75,46.9,2022-2023,
Portimonense,34,10,4,20,25,48,-23,34,39.8,56.1,-16.3,25.0,15,40,39.8,27.7,34.3,389.0,1072.0,48,8,23.5,76.9,199.0,59.6,12.6,37.0,25.0,389.0,114.0,29.3,39.8,34.3,76.0,222400.0,87088.0,15.0,27.7,300.0,1072.0,15159.0,42.0,104.0,694.0,20.41,45.0,1.32,532.0,339.0,399.0,871.0,722.0,48.9,19075.0,389.0,1060.0,-23.0,-0.68,-16.3,-0.48,55.1,2022-2023,
Marítimo,34,7,5,22,32,63,-31,26,43.4,56.1,-12.7,31.0,21,52,43.4,29.2,37.9,486.0,1199.0,63,5,14.7,66.5,167.0,62.6,0.6,49.0,31.0,465.0,125.0,26.9,43.4,37.9,75.9,216660.0,83688.0,21.0,29.2,341.0,1199.0,14487.0,24.0,131.0,801.0,23.56,51.0,1.5,594.0,334.0,344.0,928.0,554.0,48.4,18343.0,486.0,1185.0,-31.0,-0.91,-12.7,-0.37,52.6,2022-2023,
Paços de Ferreira,34,6,5,23,26,62,-36,23,32.9,56.0,-23.2,25.0,17,42,32.9,24.1,30.5,523.0,1040.0,62,3,8.8,64.1,167.0,56.9,-1.1,36.0,25.0,394.0,121.0,30.7,32.9,30.5,77.5,215792.0,83061.0,17.0,24.1,292.0,1040.0,14541.0,39.0,152.0,699.0,20.56,44.0,1.29,487.0,330.0,347.0,817.0,656.0,46.5,18106.0,523.0,1029.0,-36.0,-1.06,-23.2,-0.68,45.7,2022-2023,
Santa Clara,34,5,7,22,26,58,-32,22,35.2,51.7,-16.5,26.0,18,44,35.2,22.9,29.7,402.0,919.0,58,5,14.7,68.1,160.0,55.9,0.9,33.0,26.0,353.0,111.0,31.4,35.2,29.7,72.2,184185.0,77502.0,18.0,22.9,245.0,919.0,12905.0,39.0,117.0,593.0,17.44,43.0,1.26,546.0,314.0,366.0,860.0,735.0,42.4,16791.0,402.0,908.0,-32.0,-0.94,-16.5,-0.48,49.4,2022-2023,
Porto,34,29,4,1,86,22,64,91,83.3,22.9,60.4,83.0,54,137,83.3,59.3,76.9,686.0,1554.0,22,16,47.1,71.8,71.0,23.9,1.9,43.0,83.0,595.0,214.0,36.0,83.3,76.9,82.7,281824.0,96681.0,54.0,59.3,446.0,1554.0,19569.0,100.0,131.0,1058.0,31.12,141.0,4.15,553.0,323.0,299.0,876.0,407.0,62.6,23187.0,686.0,1539.0,64.0,1.88,60.4,1.78,50.8,2021-2022,
Sporting CP,34,27,4,3,73,23,50,85,71.0,22.6,48.4,71.0,45,116,71.0,48.6,62.7,705.0,1563.0,23,18,52.9,73.2,82.0,23.7,2.7,36.0,71.0,531.0,196.0,36.9,71.0,62.7,83.3,293023.0,96142.0,45.0,48.6,394.0,1563.0,19896.0,57.0,176.0,944.0,27.76,125.0,3.68,567.0,341.0,331.0,908.0,427.0,59.8,23381.0,705.0,1555.0,50.0,1.47,48.4,1.42,52.9,2021-2022,
Benfica,34,23,5,6,78,30,48,74,73.1,32.4,40.7,77.0,58,135,73.1,54.9,69.1,800.0,1819.0,30,12,35.3,73.4,109.0,34.8,5.8,31.0,77.0,514.0,190.0,37.0,73.1,69.1,84.0,294149.0,97191.0,58.0,54.9,402.0,1819.0,19789.0,75.0,133.0,915.0,26.91,131.0,3.85,551.0,319.0,347.0,870.0,449.0,60.9,23364.0,800.0,1808.0,48.0,1.41,40.7,1.2,54.0,2021-2022,
Braga,34,19,8,7,52,31,21,65,53.1,36.7,16.4,52.0,34,86,53.1,37.1,48.3,568.0,1391.0,31,16,47.1,75.4,118.0,32.1,2.1,48.0,52.0,448.0,156.0,34.8,53.1,48.3,79.7,279751.0,92693.0,34.0,37.1,356.0,1391.0,18609.0,62.0,163.0,789.0,23.21,87.0,2.56,470.0,336.0,344.0,806.0,550.0,53.7,22136.0,568.0,1379.0,21.0,0.62,16.4,0.48,49.7,2021-2022,
Gil Vicente FC,34,13,12,9,47,42,5,51,42.2,47.2,-5.0,47.0,32,79,42.2,31.3,38.5,479.0,1429.0,42,11,32.4,76.6,145.0,44.4,4.4,44.0,47.0,422.0,153.0,36.3,42.2,38.5,80.0,267552.0,92922.0,32.0,31.3,313.0,1429.0,17410.0,58.0,212.0,738.0,21.71,84.0,2.47,430.0,282.0,323.0,712.0,633.0,54.4,20813.0,479.0,1416.0,5.0,0.15,-5.0,-0.15,50.6,2021-2022,
Vitória,34,13,9,12,50,41,9,48,49.3,47.6,1.7,50.0,25,75,49.3,31.8,42.8,534.0,1273.0,41,8,23.5,75.0,144.0,47.3,6.3,34.0,50.0,458.0,142.0,31.0,49.3,42.8,77.1,220936.0,81315.0,25.0,31.8,322.0,1273.0,14962.0,22.0,206.0,811.0,23.85,85.0,2.5,470.0,322.0,279.0,792.0,554.0,48.7,18413.0,534.0,1258.0,9.0,0.26,1.7,0.05,49.3,2021-2022,
Santa Clara,34,9,13,12,38,54,-16,40,38.4,41.1,-2.7,36.0,22,58,38.4,26.9,35.2,384.0,967.0,54,8,23.5,67.8,143.0,45.8,-8.2,21.0,36.0,369.0,109.0,29.5,38.4,35.2,75.6,206207.0,81040.0,22.0,26.9,247.0,967.0,14029.0,41.0,131.0,602.0,17.71,56.0,1.65,524.0,378.0,322.0,902.0,657.0,45.8,17681.0,384.0,956.0,-16.0,-0.47,-2.7,-0.08,49.0,2021-2022,
Famalicão,34,9,12,13,45,51,-6,39,47.4,44.7,2.7,43.0,32,75,47.4,32.9,44.2,519.0,1201.0,51,9,26.5,68.1,141.0,43.7,-5.3,75.0,43.0,399.0,141.0,35.3,47.4,44.2,77.8,223553.0,86354.0,32.0,32.9,289.0,1201.0,14675.0,46.0,172.0,704.0,20.71,75.0,2.21,550.0,404.0,344.0,954.0,704.0,47.4,18555.0,519.0,1184.0,-6.0,-0.18,2.7,0.08,51.1,2021-2022,
Estoril,34,9,12,13,36,43,-7,39,35.6,49.2,-13.5,35.0,25,60,35.6,24.1,30.2,501.0,1176.0,43,11,32.4,72.2,144.0,39.3,-1.7,21.0,35.0,349.0,108.0,30.9,35.6,30.2,78.5,225491.0,78664.0,25.0,24.1,253.0,1176.0,14765.0,33.0,125.0,624.0,18.35,58.0,1.71,447.0,298.0,348.0,745.0,636.0,47.4,18108.0,501.0,1166.0,-7.0,-0.21,-13.5,-0.4,49.5,2021-2022,
Marítimo,34,9,11,14,39,44,-5,38,34.7,54.7,-19.9,38.0,21,59,34.7,22.0,29.9,466.0,996.0,44,9,26.5,76.3,156.0,49.0,5.0,36.0,38.0,351.0,112.0,31.9,34.7,29.9,77.7,230848.0,86304.0,21.0,22.0,246.0,996.0,14954.0,25.0,122.0,588.0,17.29,62.0,1.82,585.0,343.0,382.0,928.0,642.0,48.7,18749.0,466.0,988.0,-5.0,-0.15,-19.9,-0.59,52.9,2021-2022,
Paços de Ferreira,34,9,11,14,29,44,-15,38,33.9,53.3,-19.4,28.0,17,45,33.9,21.3,30.0,420.0,992.0,44,10,29.4,76.9,173.0,52.7,8.7,47.0,28.0,363.0,98.0,27.0,33.9,30.0,76.7,221718.0,83807.0,17.0,21.3,244.0,992.0,14804.0,21.0,153.0,627.0,18.44,49.0,1.44,492.0,376.0,328.0,868.0,637.0,49.0,18238.0,420.0,981.0,-15.0,-0.44,-19.4,-0.57,47.4,2021-2022,
Boavista,34,7,17,10,39,52,-13,38,35.3,46.8,-11.5,39.0,28,67,35.3,24.3,32.2,477.0,841.0,52,6,17.6,66.7,138.0,46.1,-4.9,61.0,39.0,386.0,118.0,30.6,35.3,32.2,75.7,204104.0,78061.0,28.0,24.3,288.0,841.0,13988.0,26.0,120.0,654.0,19.24,65.0,1.91,567.0,379.0,336.0,946.0,646.0,44.6,17809.0,477.0,829.0,-13.0,-0.38,-11.5,-0.34,50.4,2021-2022,
Portimonense,34,10,8,16,31,45,-14,38,34.5,53.0,-18.5,28.0,18,46,34.5,23.8,31.4,462.0,1056.0,45,10,29.4,73.0,159.0,51.4,8.4,24.0,28.0,394.0,125.0,31.7,34.5,31.4,76.4,225169.0,86132.0,18.0,23.8,299.0,1056.0,14717.0,21.0,117.0,681.0,20.03,45.0,1.32,473.0,355.0,344.0,828.0,669.0,48.5,18422.0,462.0,1049.0,-14.0,-0.41,-18.5,-0.54,52.7,2021-2022,
Vizela,34,7,12,15,37,58,-21,33,41.5,54.1,-12.7,36.0,23,59,41.5,27.8,39.1,418.0,1167.0,58,2,5.9,68.2,154.0,51.6,-4.4,20.0,36.0,445.0,112.0,25.2,41.5,39.1,73.6,184230.0,76044.0,23.0,27.8,299.0,1167.0,13836.0,24.0,80.0,762.0,22.41,60.0,1.76,534.0,384.0,314.0,918.0,695.0,44.8,17492.0,418.0,1160.0,-21.0,-0.62,-12.7,-0.37,47.2,2021-2022,
Arouca,34,7,10,17,30,54,-24,31,35.1,53.3,-18.1,30.0,18,48,35.1,23.9,32.7,410.0,1187.0,54,5,14.7,65.8,146.0,53.5,1.5,65.0,30.0,428.0,118.0,27.6,35.1,32.7,75.0,218726.0,86591.0,18.0,23.9,292.0,1187.0,15285.0,35.0,117.0,719.0,21.15,47.0,1.38,496.0,355.0,316.0,851.0,616.0,49.9,18985.0,410.0,1174.0,-24.0,-0.71,-18.1,-0.53,48.4,2021-2022,
Moreirense,34,7,8,19,33,51,-18,29,43.2,43.7,-0.6,32.0,19,51,43.2,24.3,37.6,434.0,1029.0,51,4,11.8,67.4,141.0,49.8,-1.2,46.0,32.0,400.0,123.0,30.8,43.2,37.6,70.8,179411.0,72213.0,19.0,24.3,243.0,1029.0,13209.0,22.0,147.0,661.0,19.44,58.0,1.71,502.0,311.0,317.0,813.0,674.0,44.4,16846.0,434.0,1020.0,-18.0,-0.53,-0.6,-0.02,50.6,2021-2022,
Tondela,34,7,7,20,41,67,-26,28,35.1,57.8,-22.8,41.0,25,66,35.1,22.0,28.4,413.0,964.0,67,2,5.9,68.6,188.0,64.7,-1.3,27.0,41.0,291.0,112.0,38.5,35.1,28.4,75.5,203209.0,82052.0,25.0,22.0,213.0,964.0,14260.0,40.0,116.0,520.0,15.29,73.0,2.15,586.0,348.0,318.0,934.0,669.0,45.9,17890.0,413.0,961.0,-26.0,-0.76,-22.8,-0.67,46.0,2021-2022,
B-SAD,34,5,11,18,23,55,-32,26,30.9,56.4,-25.5,22.0,11,33,30.9,20.7,28.6,329.0,850.0,55,8,23.5,69.9,166.0,58.1,4.1,30.0,22.0,323.0,88.0,27.2,30.9,28.6,74.2,185619.0,73724.0,11.0,20.7,212.0,850.0,13251.0,22.0,109.0,548.0,16.12,39.0,1.15,455.0,334.0,374.0,789.0,679.0,43.5,16702.0,329.0,846.0,-32.0,-0.94,-25.5,-0.75,48.5,2021-2022,
Sporting CP,34,26,7,1,65,20,45,85,62.6,24.6,38.0,64.0,36,100,62.6,42.9,55.0,594.0,1244.0,20,20,58.8,75.3,77.0,21.0,2.0,43.0,64.0,468.0,148.0,31.6,62.6,55.0,79.4,257880.0,89999.0,36.0,42.9,340.0,1244.0,17780.0,35.0,162.0,806.0,23.71,107.0,3.15,526.0,448.0,285.0,974.0,432.0,57.2,21324.0,594.0,1234.0,45.0,1.32,38.0,1.12,54.8,2020-2021,
Porto,34,24,8,2,74,29,45,80,65.6,30.3,35.3,72.0,50,122,65.6,43.2,53.1,638.0,1645.0,29,16,47.1,71.1,90.0,29.9,0.9,57.0,72.0,468.0,170.0,36.3,65.6,53.1,80.7,270610.0,99935.0,50.0,43.2,349.0,1645.0,18799.0,29.0,139.0,843.0,24.79,129.0,3.79,486.0,319.0,299.0,805.0,467.0,60.6,22341.0,638.0,1634.0,45.0,1.32,35.3,1.04,52.2,2020-2021,
Benfica,34,23,7,4,69,27,42,76,69.7,31.9,37.8,65.0,56,121,69.7,61.3,68.1,766.0,1932.0,27,15,44.1,78.6,112.0,33.5,7.5,53.0,65.0,470.0,171.0,36.4,69.7,68.1,82.9,304648.0,105059.0,56.0,61.3,396.0,1932.0,21049.0,42.0,99.0,859.0,25.26,120.0,3.53,488.0,385.0,307.0,873.0,435.0,62.6,24663.0,766.0,1916.0,42.0,1.24,37.8,1.11,54.7,2020-2021,
Braga,34,19,7,8,53,33,20,64,55.0,35.6,19.4,53.0,36,89,55.0,42.6,50.3,583.0,1598.0,33,11,32.4,69.1,97.0,33.7,0.7,88.0,53.0,469.0,156.0,33.3,55.0,50.3,80.1,302240.0,101825.0,36.0,42.6,360.0,1598.0,19257.0,34.0,248.0,826.0,24.29,84.0,2.47,508.0,400.0,300.0,908.0,505.0,57.1,22530.0,583.0,1589.0,20.0,0.59,19.4,0.57,51.8,2020-2021,
Paços de Ferreira,34,15,8,11,40,41,-1,53,36.8,42.3,-5.5,39.0,25,64,36.8,23.4,32.5,397.0,919.0,41,9,26.5,71.6,116.0,36.3,-4.7,35.0,39.0,363.0,121.0,33.3,36.8,32.5,74.7,208143.0,80028.0,25.0,23.4,265.0,919.0,14242.0,14.0,184.0,629.0,18.5,68.0,2.0,581.0,417.0,345.0,998.0,643.0,46.1,17809.0,397.0,911.0,-1.0,-0.03,-5.5,-0.16,50.2,2020-2021,
Santa Clara,34,13,7,14,44,36,8,46,45.0,39.2,5.9,41.0,25,66,45.0,29.1,37.9,420.0,1061.0,36,10,29.4,72.1,111.0,33.3,-0.7,28.0,41.0,362.0,118.0,32.6,45.0,37.9,74.1,212013.0,83551.0,25.0,29.1,235.0,1061.0,13966.0,11.0,124.0,604.0,17.76,68.0,2.0,533.0,385.0,383.0,918.0,694.0,47.9,17578.0,420.0,1047.0,8.0,0.24,5.9,0.17,46.3,2020-2021,
Vitória,34,12,7,15,37,44,-7,43,36.9,43.0,-6.1,36.0,21,57,36.9,24.3,32.9,572.0,1191.0,44,12,35.3,72.3,148.0,44.4,0.4,44.0,36.0,342.0,105.0,30.7,36.9,32.9,77.7,232736.0,82004.0,21.0,24.3,230.0,1191.0,15604.0,17.0,194.0,596.0,17.53,60.0,1.76,470.0,424.0,308.0,894.0,623.0,49.0,19159.0,572.0,1181.0,-7.0,-0.21,-6.1,-0.18,45.7,2020-2021,
Moreirense,34,10,13,11,37,43,-6,43,36.9,54.7,-17.9,32.0,19,51,36.9,24.4,33.0,460.0,1024.0,43,9,26.5,75.7,152.0,50.5,9.5,21.0,32.0,324.0,100.0,30.9,36.9,33.0,75.3,210118.0,80265.0,19.0,24.4,225.0,1024.0,14504.0,14.0,199.0,547.0,16.09,48.0,1.41,528.0,402.0,344.0,930.0,561.0,47.3,18111.0,460.0,1018.0,-6.0,-0.18,-17.9,-0.53,50.7,2020-2021,
Famalicão,34,10,10,14,40,48,-8,40,37.7,40.3,-2.6,40.0,22,62,37.7,21.8,32.1,524.0,1112.0,48,9,26.5,65.4,130.0,43.4,-2.6,56.0,40.0,381.0,119.0,31.2,37.7,32.1,78.6,237028.0,82272.0,22.0,21.8,257.0,1112.0,15757.0,13.0,180.0,652.0,19.18,66.0,1.94,524.0,424.0,314.0,948.0,627.0,51.0,19387.0,524.0,1097.0,-8.0,-0.24,-2.6,-0.08,47.8,2020-2021,
B-SAD,34,9,13,12,25,35,-10,40,33.9,48.1,-14.2,25.0,14,39,33.9,22.1,30.7,375.0,1028.0,35,13,38.2,81.9,149.0,43.7,9.7,66.0,25.0,325.0,103.0,31.7,33.9,30.7,71.1,188917.0,78562.0,14.0,22.1,217.0,1028.0,13970.0,12.0,151.0,541.0,15.91,39.0,1.15,535.0,405.0,339.0,940.0,719.0,45.3,17598.0,375.0,1014.0,-10.0,-0.29,-14.2,-0.42,46.3,2020-2021,
Gil Vicente FC,34,11,6,17,33,42,-9,39,38.0,41.5,-3.5,32.0,18,50,38.0,24.4,30.9,475.0,1169.0,42,11,32.4,68.5,124.0,39.4,2.4,28.0,32.0,341.0,107.0,31.4,38.0,30.9,75.3,233509.0,86777.0,18.0,24.4,250.0,1169.0,15280.0,24.0,174.0,611.0,17.97,55.0,1.62,461.0,373.0,339.0,834.0,628.0,47.9,18582.0,475.0,1158.0,-9.0,-0.26,-3.5,-0.1,49.6,2020-2021,
Tondela,34,10,6,18,36,57,-21,36,34.0,56.8,-22.8,36.0,28,64,34.0,24.4,30.3,402.0,1101.0,57,6,17.6,67.7,167.0,58.0,2.0,44.0,36.0,324.0,110.0,34.0,34.0,30.3,75.4,217555.0,84353.0,28.0,24.4,240.0,1101.0,15126.0,29.0,148.0,550.0,16.18,63.0,1.85,528.0,401.0,327.0,929.0,664.0,47.4,18705.0,402.0,1094.0,-21.0,-0.62,-22.8,-0.67,48.6,2020-2021,
Boavista,34,8,12,14,39,49,-10,36,38.5,54.0,-15.4,36.0,27,63,38.5,26.1,36.2,484.0,882.0,49,9,26.5,70.7,147.0,52.3,4.3,31.0,36.0,379.0,133.0,35.1,38.5,36.2,74.4,182049.0,71744.0,27.0,26.1,260.0,882.0,12966.0,21.0,122.0,665.0,19.56,64.0,1.88,540.0,478.0,304.0,1018.0,759.0,43.4,16760.0,484.0,874.0,-10.0,-0.29,-15.4,-0.45,48.4,2020-2021,
Portimonense,34,9,8,17,34,41,-7,35,37.6,38.8,-1.2,33.0,24,57,37.6,26.4,34.5,413.0,1133.0,41,11,32.4,69.9,123.0,36.1,-1.9,42.0,33.0,374.0,105.0,28.1,37.6,34.5,74.3,235590.0,90335.0,24.0,26.4,266.0,1133.0,15455.0,19.0,125.0,639.0,18.79,55.0,1.62,540.0,485.0,328.0,1025.0,693.0,51.0,19264.0,413.0,1122.0,-7.0,-0.21,-1.2,-0.04,52.9,2020-2021,
Marítimo,34,10,5,19,27,47,-20,35,35.4,50.2,-14.8,27.0,17,44,35.4,23.8,32.5,428.0,823.0,47,10,29.4,70.3,145.0,52.0,7.0,40.0,27.0,341.0,104.0,30.5,35.4,32.5,73.2,197642.0,76720.0,17.0,23.8,227.0,823.0,13281.0,17.0,167.0,552.0,16.24,43.0,1.26,540.0,370.0,367.0,910.0,690.0,44.4,16926.0,428.0,819.0,-20.0,-0.59,-14.8,-0.44,54.5,2020-2021,
Rio Ave,34,7,13,14,25,40,-15,34,36.2,43.2,-7.1,24.0,15,39,36.2,23.6,32.1,557.0,1160.0,40,11,32.4,69.6,125.0,41.7,3.7,55.0,24.0,354.0,114.0,32.2,36.2,32.1,79.0,250318.0,87902.0,15.0,23.6,244.0,1160.0,16602.0,23.0,172.0,603.0,17.74,38.0,1.12,516.0,378.0,312.0,894.0,567.0,51.8,20086.0,557.0,1155.0,-15.0,-0.44,-7.1,-0.21,48.0,2020-2021,
Farense,34,7,10,17,31,48,-17,31,42.3,44.5,-2.2,30.0,18,48,42.3,25.8,35.9,340.0,928.0,48,6,17.6,69.4,134.0,44.3,-3.7,28.0,30.0,360.0,109.0,30.3,42.3,35.9,67.5,179728.0,78700.0,18.0,25.8,243.0,928.0,12255.0,12.0,124.0,608.0,17.88,47.0,1.38,482.0,442.0,365.0,924.0,585.0,43.2,15755.0,340.0,918.0,-17.0,-0.5,-2.2,-0.06,50.8,2020-2021,
Nacional,34,6,7,21,30,59,-29,25,32.9,56.0,-23.1,28.0,23,51,32.9,23.3,31.3,462.0,916.0,59,7,20.6,68.3,164.0,57.5,1.5,41.0,28.0,373.0,117.0,31.4,32.9,31.3,72.9,192906.0,76022.0,23.0,23.3,250.0,916.0,13610.0,11.0,129.0,627.0,18.44,51.0,1.5,500.0,423.0,390.0,923.0,706.0,46.9,17339.0,462.0,912.0,-29.0,-0.85,-23.1,-0.68,46.8,2020-2021,
Porto,34,26,4,4,74,22,52,82,65.5,25.1,40.4,71.0,48,119,65.5,45.1,54.5,636.0,1545.0,22,19,55.9,72.7,77.0,20.5,-1.5,33.0,71.0,484.0,177.0,36.6,65.5,54.5,81.0,275477.0,98478.0,48.0,45.1,369.0,1545.0,18078.0,39.0,170.0,868.0,25.53,121.0,3.56,522.0,377.0,280.0,899.0,476.0,59.5,21607.0,636.0,1533.0,52.0,1.53,40.4,1.19,54.5,2019-2020,
Benfica,34,24,5,5,71,26,45,77,67.7,32.1,35.6,67.0,52,119,67.7,49.9,60.7,678.0,1794.0,26,17,50.0,77.5,102.0,31.5,7.5,55.0,67.0,519.0,177.0,34.1,67.7,60.7,81.0,289264.0,103264.0,52.0,49.9,394.0,1794.0,19297.0,31.0,164.0,922.0,27.12,119.0,3.5,628.0,373.0,289.0,1001.0,474.0,57.8,22855.0,678.0,1783.0,45.0,1.32,35.6,1.05,56.6,2019-2020,
Braga,34,18,6,10,61,40,21,60,61.1,41.5,19.6,61.0,41,102,61.1,46.0,57.9,640.0,1673.0,40,8,23.5,72.6,124.0,40.0,2.0,50.0,61.0,516.0,183.0,35.5,61.1,57.9,79.7,288583.0,102089.0,41.0,46.0,396.0,1673.0,18655.0,35.0,198.0,921.0,27.09,103.0,3.03,530.0,327.0,289.0,857.0,479.0,58.5,21947.0,640.0,1654.0,21.0,0.62,19.6,0.58,52.6,2019-2020,
Sporting CP,34,18,6,10,49,34,15,60,49.1,36.1,13.0,47.0,24,71,49.1,34.8,42.8,616.0,1476.0,34,12,35.3,74.8,111.0,38.1,5.1,33.0,47.0,459.0,128.0,27.9,49.1,42.8,82.1,281075.0,97715.0,24.0,34.8,345.0,1476.0,18225.0,42.0,174.0,814.0,23.94,80.0,2.35,551.0,305.0,301.0,856.0,520.0,58.4,21626.0,616.0,1461.0,15.0,0.44,13.0,0.38,53.0,2019-2020,
Rio Ave,34,15,10,9,48,36,12,55,53.7,35.0,18.7,47.0,27,74,53.7,34.1,43.1,600.0,1389.0,36,11,32.4,72.7,121.0,33.0,-3.0,53.0,47.0,355.0,101.0,28.5,53.7,43.1,79.5,284164.0,101366.0,27.0,34.1,274.0,1389.0,18300.0,22.0,250.0,665.0,19.56,82.0,2.41,526.0,343.0,278.0,869.0,625.0,55.7,21555.0,600.0,1373.0,12.0,0.35,18.7,0.55,51.3,2019-2020,
Famalicão,34,14,12,8,53,51,2,54,47.3,52.8,-5.5,51.0,32,83,47.3,29.7,40.9,556.0,1253.0,51,7,20.6,66.7,138.0,49.0,-2.0,39.0,51.0,436.0,153.0,35.1,47.3,40.9,78.4,246668.0,89192.0,32.0,29.7,299.0,1253.0,15847.0,27.0,209.0,749.0,22.03,85.0,2.5,569.0,340.0,298.0,909.0,677.0,52.6,19390.0,556.0,1242.0,2.0,0.06,-5.5,-0.16,47.6,2019-2020,
Vitória,34,13,11,10,53,38,15,50,54.2,36.8,17.4,53.0,38,91,54.2,37.0,48.7,763.0,1623.0,38,11,32.4,65.4,107.0,33.1,-2.9,49.0,53.0,508.0,152.0,29.9,54.2,48.7,76.9,229240.0,89151.0,38.0,37.0,369.0,1623.0,15278.0,15.0,183.0,904.0,26.59,93.0,2.74,541.0,347.0,300.0,888.0,524.0,50.7,18761.0,763.0,1616.0,15.0,0.44,17.4,0.51,50.6,2019-2020,
Moreirense,34,10,13,11,42,44,-2,43,40.5,57.3,-16.8,42.0,34,76,40.5,32.3,37.5,482.0,1021.0,44,8,23.5,77.0,152.0,47.0,5.0,24.0,42.0,334.0,108.0,32.3,40.5,37.5,72.6,192988.0,80624.0,34.0,32.3,256.0,1021.0,12902.0,22.0,165.0,583.0,17.15,74.0,2.18,552.0,389.0,330.0,941.0,818.0,44.1,16568.0,482.0,1009.0,-2.0,-0.06,-16.8,-0.49,52.2,2019-2020,
Santa Clara,34,11,10,13,36,41,-5,43,45.3,47.8,-2.5,34.0,21,55,45.3,29.5,40.9,364.0,963.0,41,10,29.4,74.3,136.0,44.7,4.7,19.0,34.0,369.0,113.0,30.6,45.3,40.9,70.4,197633.0,78061.0,21.0,29.5,232.0,963.0,13189.0,16.0,185.0,594.0,17.47,57.0,1.68,540.0,354.0,328.0,894.0,805.0,46.1,16777.0,364.0,956.0,-5.0,-0.15,-2.5,-0.07,47.5,2019-2020,
Gil Vicente FC,34,11,10,13,40,44,-4,43,38.2,41.3,-3.1,40.0,26,66,38.2,25.5,33.5,482.0,1152.0,44,8,23.5,65.5,119.0,37.6,-3.4,24.0,40.0,346.0,136.0,39.3,38.2,33.5,74.1,221103.0,87758.0,26.0,25.5,255.0,1152.0,13945.0,13.0,176.0,622.0,18.29,69.0,2.03,543.0,381.0,310.0,924.0,611.0,47.5,17318.0,482.0,1133.0,-4.0,-0.12,-3.1,-0.09,45.6,2019-2020,
Marítimo,34,9,12,13,34,42,-8,39,36.6,48.3,-11.6,32.0,13,45,36.6,24.9,33.5,447.0,933.0,42,11,32.4,72.8,136.0,43.0,2.0,30.0,32.0,357.0,108.0,30.3,36.6,33.5,74.5,207463.0,82189.0,13.0,24.9,247.0,933.0,14004.0,20.0,134.0,602.0,17.71,53.0,1.56,532.0,347.0,338.0,879.0,764.0,47.1,17748.0,447.0,921.0,-8.0,-0.24,-11.6,-0.34,47.7,2019-2020,
Boavista,34,10,9,15,28,39,-11,39,33.0,41.6,-8.5,26.0,16,42,33.0,20.3,29.9,372.0,902.0,39,9,26.5,75.9,137.0,41.3,4.3,20.0,26.0,397.0,118.0,29.7,33.0,29.9,70.5,175331.0,74618.0,16.0,20.3,251.0,902.0,12178.0,4.0,181.0,661.0,19.44,46.0,1.35,573.0,346.0,301.0,919.0,813.0,42.8,15824.0,372.0,891.0,-11.0,-0.32,-8.5,-0.25,49.4,2019-2020,
Paços de Ferreira,34,11,6,17,36,52,-16,39,35.0,46.4,-11.4,34.0,22,56,35.0,24.4,31.8,425.0,1137.0,52,6,17.6,66.7,132.0,48.3,-2.7,47.0,34.0,406.0,112.0,27.6,35.0,31.8,71.2,195152.0,82568.0,22.0,24.4,282.0,1137.0,13013.0,11.0,148.0,680.0,20.0,60.0,1.76,525.0,328.0,283.0,853.0,683.0,46.9,16472.0,425.0,1123.0,-16.0,-0.47,-11.4,-0.34,49.4,2019-2020,
Tondela,34,9,9,16,30,44,-14,36,42.6,44.4,-1.8,29.0,14,43,42.6,26.6,34.0,446.0,1000.0,44,10,29.4,70.9,141.0,40.0,-3.0,18.0,29.0,305.0,89.0,29.2,42.6,34.0,73.3,204978.0,82368.0,14.0,26.6,219.0,1000.0,13921.0,11.0,197.0,550.0,16.18,46.0,1.35,444.0,344.0,275.0,788.0,747.0,45.8,17329.0,446.0,990.0,-14.0,-0.41,-1.8,-0.05,52.0,2019-2020,
B-SAD,34,9,8,17,27,54,-27,35,31.4,50.3,-18.9,23.0,14,37,31.4,21.1,29.0,409.0,983.0,54,9,26.5,70.5,166.0,52.0,0.0,33.0,23.0,306.0,80.0,26.1,31.4,29.0,74.1,210009.0,81774.0,14.0,21.1,209.0,983.0,14630.0,16.0,152.0,514.0,15.12,39.0,1.15,513.0,387.0,346.0,900.0,751.0,49.1,18183.0,409.0,972.0,-27.0,-0.79,-18.9,-0.56,46.3,2019-2020,
Vitória Setúbal,34,7,13,14,27,43,-16,34,27.7,52.5,-24.8,26.0,20,46,27.7,20.3,26.9,421.0,841.0,43,13,38.2,74.5,149.0,44.4,2.4,49.0,26.0,312.0,100.0,32.1,27.7,26.9,74.1,191306.0,79775.0,20.0,20.3,218.0,841.0,13106.0,7.0,161.0,533.0,15.68,43.0,1.26,502.0,388.0,334.0,890.0,811.0,45.0,16866.0,421.0,836.0,-16.0,-0.47,-24.8,-0.73,50.5,2019-2020,
Portimonense,34,7,12,15,30,45,-15,33,36.5,46.1,-9.6,29.0,22,51,36.5,25.5,33.4,469.0,1290.0,45,7,20.6,67.5,126.0,45.0,2.0,47.0,29.0,393.0,115.0,29.3,36.5,33.4,75.0,239305.0,93718.0,22.0,25.5,283.0,1290.0,15492.0,13.0,146.0,674.0,19.82,52.0,1.53,506.0,437.0,285.0,943.0,593.0,51.1,18984.0,469.0,1278.0,-15.0,-0.44,-9.6,-0.28,52.3,2019-2020,
Aves,34,5,2,27,24,68,-44,17,28.9,59.0,-30.1,24.0,13,37,28.9,17.3,24.2,402.0,813.0,68,4,11.8,64.6,161.0,59.6,-4.4,16.0,24.0,315.0,79.0,25.1,28.9,24.2,66.7,152443.0,66793.0,13.0,17.3,208.0,813.0,11379.0,10.0,137.0,522.0,15.35,38.0,1.12,531.0,380.0,324.0,911.0,774.0,41.3,15112.0,402.0,801.0,-44.0,-1.29,-30.1,-0.89,42.6,2019-2020,
Benfica,34,28,3,3,103,31,72,87,81.5,35.1,46.4,102.0,70,172,81.5,55.0,74.6,719.0,1715.0,31,15,44.1,78.0,118.0,37.9,9.9,28.0,102.0,567.0,222.0,39.2,81.5,74.6,80.0,269871.0,99684.0,70.0,55.0,403.0,1715.0,18740.0,37.0,196.0,987.0,29.03,178.0,5.24,644.0,377.0,322.0,1021.0,580.0,59.6,22264.0,719.0,1705.0,72.0,2.12,46.4,1.36,54.8,2018-2019,
Porto,34,27,4,3,74,20,54,85,73.7,23.2,50.5,73.0,44,117,73.7,52.5,67.7,722.0,1709.0,20,20,58.8,76.7,73.0,20.2,1.2,31.0,73.0,576.0,185.0,32.1,73.7,67.7,78.3,254398.0,95607.0,44.0,52.5,423.0,1709.0,17256.0,31.0,156.0,1004.0,29.53,114.0,3.35,544.0,450.0,332.0,994.0,545.0,59.9,20981.0,722.0,1696.0,54.0,1.59,50.5,1.49,58.5,2018-2019,
Sporting CP,34,23,5,6,72,33,39,74,61.3,37.5,23.8,70.0,44,114,61.3,39.5,50.1,573.0,1508.0,33,10,29.4,73.9,119.0,37.0,4.0,25.0,70.0,537.0,188.0,35.0,61.3,50.1,78.3,245845.0,96637.0,44.0,39.5,405.0,1508.0,16713.0,18.0,134.0,984.0,28.94,128.0,3.76,568.0,399.0,331.0,967.0,570.0,56.6,20134.0,573.0,1486.0,39.0,1.15,23.8,0.7,53.4,2018-2019,
Braga,34,21,4,9,56,37,19,67,51.5,39.1,12.4,55.0,38,93,51.5,37.1,46.0,626.0,1466.0,37,16,47.1,74.8,123.0,39.7,2.7,23.0,55.0,476.0,157.0,33.0,51.5,46.0,75.9,231845.0,89992.0,38.0,37.1,354.0,1466.0,16018.0,25.0,93.0,844.0,24.82,95.0,2.79,615.0,401.0,375.0,1016.0,698.0,53.6,19495.0,626.0,1459.0,19.0,0.56,12.4,0.37,51.5,2018-2019,
Vitória,34,15,7,12,46,34,12,52,49.4,37.2,12.2,45.0,30,75,49.4,33.1,41.5,583.0,1258.0,34,10,29.4,79.3,150.0,43.1,9.1,20.0,45.0,434.0,153.0,35.3,49.4,41.5,76.7,226423.0,85714.0,30.0,33.1,314.0,1258.0,15566.0,14.0,161.0,768.0,22.59,77.0,2.26,514.0,354.0,328.0,868.0,738.0,52.1,19106.0,583.0,1251.0,12.0,0.35,12.2,0.36,47.4,2018-2019,
Moreirense,34,16,4,14,39,44,-5,52,36.0,48.0,-12.1,38.0,27,65,36.0,25.8,35.2,555.0,1359.0,44,9,26.5,69.7,132.0,45.6,1.6,48.0,38.0,432.0,138.0,31.9,36.0,35.2,72.5,204336.0,88948.0,27.0,25.8,300.0,1359.0,14371.0,15.0,123.0,728.0,21.41,66.0,1.94,562.0,435.0,317.0,997.0,690.0,48.2,17826.0,555.0,1348.0,-5.0,-0.15,-12.1,-0.35,52.0,2018-2019,
Rio Ave,34,12,9,13,50,52,-2,45,45.5,56.3,-10.7,49.0,30,79,45.5,32.0,41.7,544.0,1198.0,52,5,14.7,74.2,163.0,54.4,3.4,35.0,49.0,374.0,128.0,34.2,45.5,41.7,78.5,235565.0,88227.0,30.0,32.0,263.0,1198.0,15487.0,26.0,158.0,646.0,19.0,84.0,2.47,478.0,353.0,344.0,831.0,821.0,52.9,19023.0,544.0,1189.0,-2.0,-0.06,-10.7,-0.32,49.5,2018-2019,
Boavista,34,13,5,16,34,40,-6,44,42.4,50.7,-8.2,33.0,24,57,42.4,28.3,39.3,337.0,880.0,40,14,41.2,78.6,159.0,47.7,9.7,20.0,33.0,391.0,111.0,28.4,42.4,39.3,69.2,166223.0,74404.0,24.0,28.3,255.0,880.0,12104.0,11.0,88.0,664.0,19.53,57.0,1.68,548.0,484.0,347.0,1032.0,991.0,44.9,15916.0,337.0,868.0,-6.0,-0.18,-8.2,-0.24,49.4,2018-2019,
B-SAD,34,10,13,11,42,51,-9,43,39.9,51.9,-12.0,41.0,20,61,39.9,26.4,35.2,538.0,982.0,51,13,38.2,71.5,151.0,54.7,5.7,31.0,41.0,343.0,115.0,33.5,39.9,35.2,77.6,244308.0,87888.0,20.0,26.4,229.0,982.0,15951.0,35.0,176.0,583.0,17.15,65.0,1.91,511.0,455.0,335.0,966.0,789.0,52.6,19414.0,538.0,972.0,-9.0,-0.26,-12.0,-0.35,49.8,2018-2019,
Santa Clara,34,11,9,14,43,45,-2,42,41.1,49.2,-8.2,40.0,26,66,41.1,27.9,37.1,431.0,1030.0,45,9,26.5,76.5,153.0,49.7,4.7,21.0,40.0,370.0,118.0,31.9,41.1,37.1,71.3,189117.0,77850.0,26.0,27.9,242.0,1030.0,13390.0,9.0,122.0,627.0,18.44,65.0,1.91,472.0,440.0,370.0,912.0,796.0,47.4,16874.0,431.0,1019.0,-2.0,-0.06,-8.2,-0.24,47.2,2018-2019,
Marítimo,34,12,3,19,26,44,-18,39,31.1,56.2,-25.1,26.0,15,41,31.1,21.4,27.9,448.0,976.0,44,10,29.4,77.4,155.0,49.2,6.2,19.0,26.0,333.0,89.0,26.7,31.1,27.9,71.5,192201.0,78222.0,15.0,21.4,234.0,976.0,13448.0,12.0,133.0,573.0,16.85,44.0,1.29,541.0,436.0,357.0,977.0,860.0,45.8,17042.0,448.0,967.0,-18.0,-0.53,-25.1,-0.74,48.2,2018-2019,
Portimonense,34,11,6,17,44,59,-15,39,48.7,47.4,1.3,41.0,28,69,48.7,33.2,44.0,555.0,1204.0,59,5,14.7,65.8,158.0,53.4,-3.6,27.0,41.0,458.0,164.0,35.8,48.7,44.0,73.8,209098.0,88334.0,28.0,33.2,332.0,1204.0,14240.0,19.0,118.0,784.0,23.06,69.0,2.03,534.0,405.0,324.0,939.0,761.0,48.8,17971.0,555.0,1191.0,-15.0,-0.44,1.3,0.04,50.8,2018-2019,
Vitória Setúbal,34,8,12,14,28,39,-11,36,34.0,39.6,-5.5,28.0,21,49,34.0,24.1,30.9,379.0,1016.0,39,11,32.4,73.3,135.0,38.2,0.2,19.0,28.0,355.0,115.0,32.4,34.0,30.9,67.9,173449.0,83735.0,21.0,24.1,231.0,1016.0,12181.0,7.0,109.0,592.0,17.41,49.0,1.44,536.0,408.0,334.0,944.0,711.0,45.5,15547.0,379.0,1008.0,-11.0,-0.32,-5.5,-0.16,53.3,2018-2019,
Aves,34,10,6,18,35,49,-14,36,45.1,42.9,2.2,35.0,18,53,45.1,28.9,40.4,410.0,1028.0,49,9,26.5,69.7,152.0,44.8,-2.2,14.0,35.0,460.0,135.0,29.3,45.1,40.4,68.7,169635.0,79666.0,18.0,28.9,324.0,1028.0,12106.0,16.0,86.0,770.0,22.65,59.0,1.74,588.0,424.0,316.0,1012.0,879.0,42.3,15878.0,410.0,1019.0,-14.0,-0.41,2.2,0.06,48.9,2018-2019,
Tondela,34,9,8,17,40,54,-14,35,42.5,58.2,-15.7,38.0,27,65,42.5,28.9,39.3,351.0,1007.0,54,4,11.8,67.5,151.0,54.5,0.5,19.0,38.0,401.0,125.0,31.2,42.5,39.3,66.5,173993.0,82088.0,27.0,28.9,251.0,1007.0,12761.0,23.0,88.0,649.0,19.09,64.0,1.88,556.0,394.0,349.0,950.0,758.0,45.9,16281.0,351.0,997.0,-14.0,-0.41,-15.7,-0.46,44.8,2018-2019,
Chaves,34,8,8,18,34,57,-23,32,38.4,54.2,-15.8,34.0,21,55,38.4,26.6,32.2,512.0,1198.0,57,8,23.5,65.6,151.0,53.4,-1.6,27.0,34.0,365.0,102.0,27.9,38.4,32.2,70.4,181137.0,78166.0,21.0,26.6,257.0,1198.0,12986.0,11.0,91.0,638.0,18.76,61.0,1.79,567.0,423.0,360.0,990.0,808.0,46.2,16559.0,512.0,1188.0,-23.0,-0.68,-15.8,-0.47,44.3,2018-2019,
Nacional,34,7,7,20,33,73,-40,28,44.8,56.1,-11.3,33.0,21,54,44.8,27.0,37.8,568.0,1180.0,73,8,23.5,61.3,163.0,64.3,-7.7,46.0,33.0,438.0,125.0,28.5,44.8,37.8,72.2,200610.0,79359.0,21.0,27.0,305.0,1180.0,13829.0,8.0,156.0,756.0,22.24,55.0,1.62,560.0,443.0,333.0,1003.0,640.0,51.0,17274.0,568.0,1166.0,-40.0,-1.18,-11.3,-0.33,49.6,2018-2019,
Feirense,34,3,11,20,27,64,-37,20,28.0,52.1,-24.2,25.0,17,42,28.0,17.6,24.0,320.0,918.0,64,6,17.6,64.5,166.0,53.3,-8.7,28.0,25.0,285.0,92.0,32.3,28.0,24.0,68.4,174812.0,77893.0,17.0,17.6,190.0,918.0,12763.0,10.0,98.0,472.0,13.88,42.0,1.24,532.0,415.0,312.0,947.0,743.0,46.8,16118.0,320.0,905.0,-37.0,-1.09,-24.2,-0.71,48.2,2018-2019,
Porto,34,28,4,2,82,18,64,88,,,,,59,141,,,,,,18,19,55.9,81.4,97.0,,,,,,,,,,,,,,,,,,,,,,,,,,,,,,,,,,,,,,2017-2018,82.0
Benfica,34,25,6,3,80,22,58,81,,,,,59,138,,,,,,22,15,44.1,75.6,90.0,,,,,,,,,,,,,,,,,,,,,,,,,,,,,,,,,,,,,,2017-2018,79.0
Sporting CP,34,24,6,4,63,24,39,78,,,,,43,105,,,,,,24,17,50.0,83.2,107.0,,,,,,,,,,,,,,,,,,,,,,,,,,,,,,,,,,,,,,2017-2018,62.0
Braga,34,24,3,7,74,29,45,75,,,,,57,130,,,,,,29,14,41.2,77.6,116.0,,,,,,,,,,,,,,,,,,,,,,,,,,,,,,,,,,,,,,2017-2018,73.0
Rio Ave,34,15,6,13,40,42,-2,51,,,,,25,64,,,,,,42,10,29.4,75.0,152.0,,,,,,,,,,,,,,,,,,,,,,,,,,,,,,,,,,,,,,2017-2018,39.0
Chaves,34,13,8,13,47,55,-8,47,,,,,29,76,,,,,,55,7,20.6,68.1,163.0,,,,,,,,,,,,,,,,,,,,,,,,,,,,,,,,,,,,,,2017-2018,47.0
Marítimo,34,13,8,13,36,49,-13,47,,,,,26,62,,,,,,49,10,29.4,68.7,131.0,,,,,,,,,,,,,,,,,,,,,,,,,,,,,,,,,,,,,,2017-2018,36.0
Boavista,34,13,6,15,35,44,-9,45,,,,,23,58,,,,,,44,11,32.4,73.0,152.0,,,,,,,,,,,,,,,,,,,,,,,,,,,,,,,,,,,,,,2017-2018,35.0
Vitória,34,13,4,17,45,56,-11,43,,,,,31,76,,,,,,56,7,20.6,66.7,144.0,,,,,,,,,,,,,,,,,,,,,,,,,,,,,,,,,,,,,,2017-2018,45.0
Portimonense,34,10,8,16,52,60,-8,38,,,,,39,91,,,,,,60,4,11.8,64.7,150.0,,,,,,,,,,,,,,,,,,,,,,,,,,,,,,,,,,,,,,2017-2018,52.0
Tondela,34,10,8,16,41,50,-9,38,,,,,29,68,,,,,,50,8,23.5,69.6,158.0,,,,,,,,,,,,,,,,,,,,,,,,,,,,,,,,,,,,,,2017-2018,39.0
Belenenses,34,9,10,15,33,46,-13,37,,,,,22,54,,,,,,46,10,29.4,73.8,164.0,,,,,,,,,,,,,,,,,,,,,,,,,,,,,,,,,,,,,,2017-2018,32.0
Aves,34,9,7,18,36,51,-15,34,,,,,26,61,,,,,,51,10,29.4,71.9,153.0,,,,,,,,,,,,,,,,,,,,,,,,,,,,,,,,,,,,,,2017-2018,35.0
Vitória Setúbal,34,7,11,16,39,62,-23,32,,,,,25,64,,,,,,62,5,14.7,68.0,172.0,,,,,,,,,,,,,,,,,,,,,,,,,,,,,,,,,,,,,,2017-2018,39.0
Moreirense,34,8,8,18,29,50,-21,32,,,,,13,40,,,,,,50,5,14.7,71.9,153.0,,,,,,,,,,,,,,,,,,,,,,,,,,,,,,,,,,,,,,2017-2018,27.0
Feirense,34,9,4,21,32,48,-16,31,,,,,21,51,,,,,,48,9,26.5,71.1,159.0,,,,,,,,,,,,,,,,,,,,,,,,,,,,,,,,,,,,,,2017-2018,30.0
Paços de Ferreira,34,7,9,18,33,59,-26,30,,,,,25,55,,,,,,59,8,23.5,66.5,164.0,,,,,,,,,,,,,,,,,,,,,,,,,,,,,,,,,,,,,,2017-2018,30.0
Estoril,34,8,6,20,29,61,-32,30,,,,,15,42,,,,,,61,7,20.6,64.9,168.0,,,,,,,,,,,,,,,,,,,,,,,,,,,,,,,,,,,,,,2017-2018,27.0
Benfica,34,25,7,2,72,18,54,82,,,,,34,102,,,,,,23,20,58.8,76.6,94.0,,,,,,,,,,,,,,,,,,,,,,,,,,,,,,,,,,,,,,2016-2017,68.0
Porto,34,22,10,2,71,19,52,76,,,,,45,115,,,,,,20,19,55.9,77.5,80.0,,,,,,,,,,,,,,,,,,,,,,,,,,,,,,,,,,,,,,2016-2017,70.0
Sporting CP,34,21,7,6,68,36,32,70,,,,,45,113,,,,,,36,13,38.2,69.8,106.0,,,,,,,,,,,,,,,,,,,,,,,,,,,,,,,,,,,,,,2016-2017,68.0
Vitória,34,18,8,8,50,39,11,62,,,,,33,81,,,,,,39,12,35.3,72.7,132.0,,,,,,,,,,,,,,,,,,,,,,,,,,,,,,,,,,,,,,2016-2017,48.0
Braga,34,15,9,10,51,36,15,54,,,,,29,78,,,,,,36,10,29.4,77.8,144.0,,,,,,,,,,,,,,,,,,,,,,,,,,,,,,,,,,,,,,2016-2017,49.0
Marítimo,34,13,11,10,34,32,2,50,,,,,24,57,,,,,,32,14,41.2,76.7,133.0,,,,,,,,,,,,,,,,,,,,,,,,,,,,,,,,,,,,,,2016-2017,33.0
Rio Ave,34,14,7,13,41,39,2,49,,,,,26,64,,,,,,39,13,38.2,73.2,142.0,,,,,,,,,,,,,,,,,,,,,,,,,,,,,,,,,,,,,,2016-2017,38.0
Feirense,34,14,6,14,31,45,-14,48,,,,,19,48,,,,,,45,9,26.5,74.4,164.0,,,,,,,,,,,,,,,,,,,,,,,,,,,,,,,,,,,,,,2016-2017,29.0
Boavista,34,10,13,11,33,36,-3,43,,,,,19,52,,,,,,36,14,41.2,71.9,121.0,,,,,,,,,,,,,,,,,,,,,,,,,,,,,,,,,,,,,,2016-2017,33.0
Estoril,34,10,8,16,36,42,-6,38,,,,,16,49,,,,,,42,8,23.5,70.5,129.0,,,,,,,,,,,,,,,,,,,,,,,,,,,,,,,,,,,,,,2016-2017,33.0
Chaves,34,8,14,12,35,42,-7,38,,,,,16,50,,,,,,42,12,35.3,76.1,159.0,,,,,,,,,,,,,,,,,,,,,,,,,,,,,,,,,,,,,,2016-2017,34.0
Vitória Setúbal,34,10,8,16,30,39,-9,38,,,,,16,44,,,,,,39,11,32.4,73.8,126.0,,,,,,,,,,,,,,,,,,,,,,,,,,,,,,,,,,,,,,2016-2017,28.0
Paços de Ferreira,34,8,12,14,32,45,-13,36,,,,,22,54,,,,,,45,9,26.5,69.2,117.0,,,,,,,,,,,,,,,,,,,,,,,,,,,,,,,,,,,,,,2016-2017,32.0
Belenenses,34,9,9,16,27,45,-18,36,,,,,15,41,,,,,,45,8,23.5,67.5,123.0,,,,,,,,,,,,,,,,,,,,,,,,,,,,,,,,,,,,,,2016-2017,26.0
Moreirense,34,8,9,17,33,48,-15,33,,,,,27,60,,,,,,48,6,17.6,66.2,139.0,,,,,,,,,,,,,,,,,,,,,,,,,,,,,,,,,,,,,,2016-2017,33.0
Tondela,34,8,8,18,29,52,-23,32,,,,,12,40,,,,,,51,6,17.6,72.2,158.0,,,,,,,,,,,,,,,,,,,,,,,,,,,,,,,,,,,,,,2016-2017,28.0
Arouca,34,9,5,20,33,57,-24,32,,,,,25,58,,,,,,57,5,14.7,63.3,147.0,,,,,,,,,,,,,,,,,,,,,,,,,,,,,,,,,,,,,,2016-2017,33.0
Nacional,34,4,9,21,22,58,-36,21,,,,,15,35,,,,,,58,7,20.6,71.0,186.0,,,,,,,,,,,,,,,,,,,,,,,,,,,,,,,,,,,,,,2016-2017,20.0
Benfica,34,29,1,4,88,22,66,88,,,,,57,144,,,,,,22,17,50.0,71.1,76.0,,,,,,,,,,,,,,,,,,,,,,,,,,,,,,,,,,,,,,2015-2016,87.0
Sporting CP,34,27,5,2,79,21,58,86,,,,,51,130,,,,,,21,17,50.0,75.6,86.0,,,,,,,,,,,,,,,,,,,,,,,,,,,,,,,,,,,,,,2015-2016,79.0
Porto,34,23,4,7,67,30,37,73,,,,,46,112,,,,,,30,13,38.2,68.8,96.0,,,,,,,,,,,,,,,,,,,,,,,,,,,,,,,,,,,,,,2015-2016,66.0
Braga,34,16,10,8,54,35,19,58,,,,,35,89,,,,,,35,15,44.1,72.9,129.0,,,,,,,,,,,,,,,,,,,,,,,,,,,,,,,,,,,,,,2015-2016,54.0
Arouca,34,13,15,6,47,38,9,54,,,,,20,64,,,,,,38,14,41.2,43.3,67.0,,,,,,,,,,,,,,,,,,,,,,,,,,,,,,,,,,,,,,2015-2016,44.0
Rio Ave,34,14,8,12,44,44,0,50,,,,,27,71,,,,,,44,12,35.3,71.1,152.0,,,,,,,,,,,,,,,,,,,,,,,,,,,,,,,,,,,,,,2015-2016,44.0
Paços de Ferreira,34,13,10,11,43,42,1,49,,,,,17,60,,,,,,44,12,35.3,63.6,121.0,,,,,,,,,,,,,,,,,,,,,,,,,,,,,,,,,,,,,,2015-2016,43.0
Estoril,34,13,8,13,40,41,-1,47,,,,,14,53,,,,,,41,8,23.5,66.9,124.0,,,,,,,,,,,,,,,,,,,,,,,,,,,,,,,,,,,,,,2015-2016,39.0
Belenenses,34,10,11,13,44,66,-22,41,,,,,17,60,,,,,,66,6,17.6,55.1,147.0,,,,,,,,,,,,,,,,,,,,,,,,,,,,,,,,,,,,,,2015-2016,43.0
Vitória,34,9,13,12,45,53,-8,40,,,,,27,68,,,,,,53,6,17.6,66.2,157.0,,,,,,,,,,,,,,,,,,,,,,,,,,,,,,,,,,,,,,2015-2016,41.0
Nacional,34,10,8,16,40,56,-16,38,,,,,13,49,,,,,,56,7,20.6,51.3,115.0,,,,,,,,,,,,,,,,,,,,,,,,,,,,,,,,,,,,,,2015-2016,36.0
Moreirense,34,9,9,16,38,54,-16,36,,,,,18,56,,,,,,55,10,29.4,60.1,138.0,,,,,,,,,,,,,,,,,,,,,,,,,,,,,,,,,,,,,,2015-2016,38.0
Marítimo,34,10,5,19,45,63,-18,35,,,,,17,62,,,,,,63,5,14.7,62.0,166.0,,,,,,,,,,,,,,,,,,,,,,,,,,,,,,,,,,,,,,2015-2016,45.0
Boavista,34,8,9,17,24,41,-17,33,,,,,12,36,,,,,,41,12,35.3,68.0,128.0,,,,,,,,,,,,,,,,,,,,,,,,,,,,,,,,,,,,,,2015-2016,24.0
Vitória Setúbal,34,6,12,16,40,61,-21,30,,,,,20,60,,,,,,61,6,17.6,62.1,161.0,,,,,,,,,,,,,,,,,,,,,,,,,,,,,,,,,,,,,,2015-2016,40.0
Tondela,34,8,6,20,34,54,-20,30,,,,,14,46,,,,,,54,5,14.7,63.5,148.0,,,,,,,,,,,,,,,,,,,,,,,,,,,,,,,,,,,,,,2015-2016,32.0
União,34,7,8,19,27,50,-23,29,,,,,9,36,,,,,,50,10,29.4,65.8,146.0,,,,,,,,,,,,,,,,,,,,,,,,,,,,,,,,,,,,,,2015-2016,27.0
Académica,34,5,10,19,32,60,-28,25,,,,,10,41,,,,,,60,4,11.8,59.5,148.0,,,,,,,,,,,,,,,,,,,,,,,,,,,,,,,,,,,,,,2015-2016,31.0
Benfica,34,27,4,3,86,16,70,85,,,,,63,149,,,,,,16,21,61.8,84.0,100.0,,,,,,,,,,,,,,,,,,,,,,,,,,,,,,,,,,,,,,2014-2015,86.0
Porto,34,25,7,2,74,13,61,82,,,,,50,123,,,,,,13,23,67.6,86.2,94.0,,,,,,,,,,,,,,,,,,,,,,,,,,,,,,,,,,,,,,2014-2015,73.0
Sporting CP,34,22,10,2,67,29,38,76,,,,,43,109,,,,,,29,12,35.3,77.0,126.0,,,,,,,,,,,,,,,,,,,,,,,,,,,,,,,,,,,,,,2014-2015,66.0
Braga,34,17,7,10,55,28,27,58,,,,,36,88,,,,,,28,15,44.1,72.5,102.0,,,,,,,,,,,,,,,,,,,,,,,,,,,,,,,,,,,,,,2014-2015,52.0
Vitória,34,15,10,9,50,35,15,55,,,,,23,72,,,,,,35,14,41.2,75.4,142.0,,,,,,,,,,,,,,,,,,,,,,,,,,,,,,,,,,,,,,2014-2015,49.0
Belenenses,34,12,12,10,34,35,-1,48,,,,,21,54,,,,,,35,11,32.4,73.5,132.0,,,,,,,,,,,,,,,,,,,,,,,,,,,,,,,,,,,,,,2014-2015,33.0
Nacional,34,13,8,13,45,46,-1,47,,,,,28,72,,,,,,46,10,29.4,66.7,138.0,,,,,,,,,,,,,,,,,,,,,,,,,,,,,,,,,,,,,,2014-2015,44.0
Paços de Ferreira,34,12,11,11,40,45,-5,47,,,,,23,63,,,,,,45,8,23.5,69.8,149.0,,,,,,,,,,,,,,,,,,,,,,,,,,,,,,,,,,,,,,2014-2015,40.0
Marítimo,34,12,8,14,46,45,1,44,,,,,24,69,,,,,,45,8,23.5,70.4,152.0,,,,,,,,,,,,,,,,,,,,,,,,,,,,,,,,,,,,,,2014-2015,45.0
Rio Ave,34,10,13,11,38,42,-4,43,,,,,26,64,,,,,,42,12,35.3,71.2,146.0,,,,,,,,,,,,,,,,,,,,,,,,,,,,,,,,,,,,,,2014-2015,38.0
Moreirense,34,11,10,13,33,42,-9,43,,,,,23,54,,,,,,42,10,29.4,70.8,144.0,,,,,,,,,,,,,,,,,,,,,,,,,,,,,,,,,,,,,,2014-2015,31.0
Estoril,34,9,13,12,38,56,-18,40,,,,,23,61,,,,,,53,6,17.6,65.8,155.0,,,,,,,,,,,,,,,,,,,,,,,,,,,,,,,,,,,,,,2014-2015,38.0
Boavista,34,9,7,18,27,50,-23,34,,,,,23,47,,,,,,50,9,26.5,70.1,167.0,,,,,,,,,,,,,,,,,,,,,,,,,,,,,,,,,,,,,,2014-2015,24.0
Vitória Setúbal,34,7,8,19,24,56,-32,29,,,,,11,34,,,,,,52,7,20.6,66.9,157.0,,,,,,,,,,,,,,,,,,,,,,,,,,,,,,,,,,,,,,2014-2015,23.0
Académica,34,4,17,13,26,46,-20,29,,,,,13,39,,,,,,46,9,26.5,68.3,145.0,,,,,,,,,,,,,,,,,,,,,,,,,,,,,,,,,,,,,,2014-2015,26.0
Arouca,34,7,7,20,26,50,-24,28,,,,,11,37,,,,,,50,7,20.6,67.3,153.0,,,,,,,,,,,,,,,,,,,,,,,,,,,,,,,,,,,,,,2014-2015,26.0
Gil Vicente,34,4,11,19,25,60,-35,23,,,,,16,41,,,,,,60,4,11.8,64.7,170.0,,,,,,,,,,,,,,,,,,,,,,,,,,,,,,,,,,,,,,2014-2015,25.0
Penafiel,34,5,7,22,29,69,-40,22,,,,,21,48,,,,,,69,6,17.6,59.6,171.0,,,,,,,,,,,,,,,,,,,,,,,,,,,,,,,,,,,,,,2014-2015,27.0
Benfica,30,23,5,2,58,18,40,74,,,,,39,96,,,,,,18,17,56.7,82.4,102.0,,,,,,,,,,,,,,,,,,,,,,,,,,,,,,,,,,,,,,2013-2014,57.0
Sporting CP,30,20,7,3,54,20,34,67,,,,,30,83,,,,,,20,15,50.0,78.7,94.0,,,,,,,,,,,,,,,,,,,,,,,,,,,,,,,,,,,,,,2013-2014,53.0
Porto,30,19,4,7,57,25,32,61,,,,,34,91,,,,,,25,10,33.3,76.6,107.0,,,,,,,,,,,,,,,,,,,,,,,,,,,,,,,,,,,,,,2013-2014,57.0
Estoril,30,15,9,6,42,26,16,54,,,,,29,70,,,,,,26,12,40.0,75.2,105.0,,,,,,,,,,,,,,,,,,,,,,,,,,,,,,,,,,,,,,2013-2014,41.0
Nacional,30,11,12,7,43,33,10,45,,,,,22,65,,,,,,33,10,33.3,71.1,114.0,,,,,,,,,,,,,,,,,,,,,,,,,,,,,,,,,,,,,,2013-2014,43.0
Marítimo,30,11,8,11,40,44,-4,41,,,,,25,65,,,,,,44,5,16.7,67.2,134.0,,,,,,,,,,,,,,,,,,,,,,,,,,,,,,,,,,,,,,2013-2014,40.0
Vitória Setúbal,30,10,9,11,41,41,0,39,,,,,26,65,,,,,,41,7,23.3,69.9,136.0,,,,,,,,,,,,,,,,,,,,,,,,,,,,,,,,,,,,,,2013-2014,39.0
Académica,30,9,10,11,25,35,-10,37,,,,,19,44,,,,,,35,11,36.7,69.0,113.0,,,,,,,,,,,,,,,,,,,,,,,,,,,,,,,,,,,,,,2013-2014,25.0
Braga,30,10,7,13,39,37,2,37,,,,,26,63,,,,,,37,5,16.7,69.4,121.0,,,,,,,,,,,,,,,,,,,,,,,,,,,,,,,,,,,,,,2013-2014,37.0
Vitória,30,10,5,15,30,35,-5,35,,,,,19,48,,,,,,35,12,40.0,71.1,121.0,,,,,,,,,,,,,,,,,,,,,,,,,,,,,,,,,,,,,,2013-2014,29.0
Rio Ave,30,8,8,14,21,35,-14,32,,,,,12,31,,,,,,35,10,33.3,72.0,125.0,,,,,,,,,,,,,,,,,,,,,,,,,,,,,,,,,,,,,,2013-2014,19.0
Arouca,30,8,7,15,28,42,-14,31,,,,,17,44,,,,,,42,9,30.0,70.2,141.0,,,,,,,,,,,,,,,,,,,,,,,,,,,,,,,,,,,,,,2013-2014,27.0
Gil Vicente,30,8,7,15,23,37,-14,31,,,,,15,38,,,,,,36,10,33.3,72.1,129.0,,,,,,,,,,,,,,,,,,,,,,,,,,,,,,,,,,,,,,2013-2014,23.0
Belenenses,30,6,10,14,19,33,-14,28,,,,,12,31,,,,,,33,10,33.3,72.3,119.0,,,,,,,,,,,,,,,,,,,,,,,,,,,,,,,,,,,,,,2013-2014,19.0
Paços de Ferreira,30,6,6,18,28,59,-31,24,,,,,12,39,,,,,,59,4,13.3,61.7,154.0,,,,,,,,,,,,,,,,,,,,,,,,,,,,,,,,,,,,,,2013-2014,27.0
Olhanense,30,6,6,18,21,49,-28,24,,,,,9,30,,,,,,49,4,13.3,63.7,135.0,,,,,,,,,,,,,,,,,,,,,,,,,,,,,,,,,,,,,,2013-2014,21.0
Porto,30,24,6,0,70,14,56,78,,,,,45,115,,,,,,14,19,63.3,84.3,89.0,,,,,,,,,,,,,,,,,,,,,,,,,,,,,,,,,,,,,,2012-2013,70.0
Benfica,30,24,5,1,77,20,57,77,,,,,47,122,,,,,,20,15,50.0,82.1,112.0,,,,,,,,,,,,,,,,,,,,,,,,,,,,,,,,,,,,,,2012-2013,75.0
Paços de Ferreira,30,14,12,4,42,29,13,54,,,,,24,66,,,,,,29,12,40.0,74.6,114.0,,,,,,,,,,,,,,,,,,,,,,,,,,,,,,,,,,,,,,2012-2013,42.0
Braga,30,16,4,10,60,44,16,52,,,,,38,97,,,,,,44,8,26.7,72.8,162.0,,,,,,,,,,,,,,,,,,,,,,,,,,,,,,,,,,,,,,2012-2013,59.0
Estoril,30,13,6,11,47,37,10,45,,,,,27,71,,,,,,37,8,26.7,73.9,142.0,,,,,,,,,,,,,,,,,,,,,,,,,,,,,,,,,,,,,,2012-2013,44.0
Rio Ave,30,12,6,12,35,42,-7,42,,,,,23,56,,,,,,42,6,20.0,61.5,109.0,,,,,,,,,,,,,,,,,,,,,,,,,,,,,,,,,,,,,,2012-2013,33.0
Sporting CP,30,11,9,10,36,36,0,42,,,,,28,62,,,,,,36,7,23.3,74.6,142.0,,,,,,,,,,,,,,,,,,,,,,,,,,,,,,,,,,,,,,2012-2013,34.0
Nacional,30,11,7,12,45,51,-6,40,,,,,23,63,,,,,,51,2,6.7,69.1,165.0,,,,,,,,,,,,,,,,,,,,,,,,,,,,,,,,,,,,,,2012-2013,40.0
Vitória,30,11,7,12,36,47,-11,40,,,,,18,52,,,,,,47,6,20.0,64.9,134.0,,,,,,,,,,,,,,,,,,,,,,,,,,,,,,,,,,,,,,2012-2013,34.0
Marítimo,30,9,11,10,34,45,-11,38,,,,,20,54,,,,,,45,8,26.7,66.7,135.0,,,,,,,,,,,,,,,,,,,,,,,,,,,,,,,,,,,,,,2012-2013,34.0
Académica,30,6,10,14,33,45,-12,28,,,,,24,57,,,,,,45,6,20.0,63.7,124.0,,,,,,,,,,,,,,,,,,,,,,,,,,,,,,,,,,,,,,2012-2013,33.0
Vitória Setúbal,30,7,5,18,30,55,-25,26,,,,,22,52,,,,,,55,8,26.7,64.3,154.0,,,,,,,,,,,,,,,,,,,,,,,,,,,,,,,,,,,,,,2012-2013,30.0
Gil Vicente,30,6,7,17,31,54,-23,25,,,,,21,52,,,,,,54,7,23.3,70.2,181.0,,,,,,,,,,,,,,,,,,,,,,,,,,,,,,,,,,,,,,2012-2013,31.0
Olhanense,30,5,10,15,26,42,-16,25,,,,,19,43,,,,,,43,7,23.3,71.1,149.0,,,,,,,,,,,,,,,,,,,,,,,,,,,,,,,,,,,,,,2012-2013,24.0
Moreirense,30,5,9,16,30,51,-21,24,,,,,17,47,,,,,,51,3,10.0,66.0,150.0,,,,,,,,,,,,,,,,,,,,,,,,,,,,,,,,,,,,,,2012-2013,30.0
Beira-Mar,30,5,8,17,35,55,-20,23,,,,,17,52,,,,,,55,1,3.3,68.9,177.0,,,,,,,,,,,,,,,,,,,,,,,,,,,,,,,,,,,,,,2012-2013,35.0
Porto,30,23,6,1,69,19,50,75,,,,,47,114,,,,,,21,18,60.0,80.4,107.0,,,,,,,,,,,,,,,,,,,,,,,,,,,,,,,,,,,,,,2011-2012,67.0
Benfica,30,21,6,3,66,27,39,69,,,,,45,110,,,,,,27,8,26.7,73.3,101.0,,,,,,,,,,,,,,,,,,,,,,,,,,,,,,,,,,,,,,2011-2012,65.0
Braga,30,19,5,6,59,29,30,62,,,,,35,93,,,,,,29,10,33.3,75.2,117.0,,,,,,,,,,,,,,,,,,,,,,,,,,,,,,,,,,,,,,2011-2012,58.0
Sporting CP,30,18,5,7,47,26,21,59,,,,,23,69,,,,,,26,14,46.7,73.5,98.0,,,,,,,,,,,,,,,,,,,,,,,,,,,,,,,,,,,,,,2011-2012,46.0
Marítimo,30,14,8,8,41,38,3,50,,,,,25,66,,,,,,38,7,23.3,70.3,128.0,,,,,,,,,,,,,,,,,,,,,,,,,,,,,,,,,,,,,,2011-2012,41.0
Vitória,30,14,3,13,40,40,0,45,,,,,27,67,,,,,,40,8,26.7,72.2,144.0,,,,,,,,,,,,,,,,,,,,,,,,,,,,,,,,,,,,,,2011-2012,40.0
Nacional,30,13,5,12,48,50,-2,44,,,,,23,70,,,,,,50,8,26.7,67.5,154.0,,,,,,,,,,,,,,,,,,,,,,,,,,,,,,,,,,,,,,2011-2012,47.0
Olhanense,30,9,12,9,36,38,-2,39,,,,,20,55,,,,,,38,8,26.7,73.0,141.0,,,,,,,,,,,,,,,,,,,,,,,,,,,,,,,,,,,,,,2011-2012,35.0
Gil Vicente,30,8,10,12,31,42,-11,34,,,,,18,48,,,,,,42,10,33.3,69.8,139.0,,,,,,,,,,,,,,,,,,,,,,,,,,,,,,,,,,,,,,2011-2012,30.0
Paços de Ferreira,30,8,7,15,35,53,-18,31,,,,,26,61,,,,,,53,3,10.0,64.7,150.0,,,,,,,,,,,,,,,,,,,,,,,,,,,,,,,,,,,,,,2011-2012,35.0
Vitória Setúbal,30,8,6,16,24,49,-25,30,,,,,11,34,,,,,,49,6,20.0,66.9,148.0,,,,,,,,,,,,,,,,,,,,,,,,,,,,,,,,,,,,,,2011-2012,23.0
Beira-Mar,30,8,5,17,26,38,-12,29,,,,,20,46,,,,,,38,9,30.0,72.7,139.0,,,,,,,,,,,,,,,,,,,,,,,,,,,,,,,,,,,,,,2011-2012,26.0
Académica,30,7,8,15,27,38,-11,29,,,,,17,43,,,,,,38,10,33.3,72.9,140.0,,,,,,,,,,,,,,,,,,,,,,,,,,,,,,,,,,,,,,2011-2012,26.0
Rio Ave,30,7,7,16,33,42,-9,28,,,,,21,54,,,,,,42,10,33.3,71.6,148.0,,,,,,,,,,,,,,,,,,,,,,,,,,,,,,,,,,,,,,2011-2012,33.0
Feirense,30,5,9,16,27,49,-22,24,,,,,19,45,,,,,,49,7,23.3,65.0,140.0,,,,,,,,,,,,,,,,,,,,,,,,,,,,,,,,,,,,,,2011-2012,26.0
União de Leiria,30,5,4,21,25,56,-31,19,,,,,12,36,,,,,,57,8,26.7,62.5,152.0,,,,,,,,,,,,,,,,,,,,,,,,,,,,,,,,,,,,,,2011-2012,24.0
Porto,30,27,3,0,73,16,57,84,,,,,43,114,,,,,,16,19,63.3,81.8,88.0,,,,,,,,,,,,,,,,,,,,,,,,,,,,,,,,,,,,,,2010-2011,71.0
Benfica,30,20,3,7,61,31,30,63,,,,,37,98,,,,,,31,13,43.3,72.1,111.0,,,,,,,,,,,,,,,,,,,,,,,,,,,,,,,,,,,,,,2010-2011,61.0
Sporting CP,30,13,9,8,41,31,10,48,,,,,24,65,,,,,,31,10,33.3,70.2,104.0,,,,,,,,,,,,,,,,,,,,,,,,,,,,,,,,,,,,,,2010-2011,41.0
Braga,30,13,7,10,45,33,12,46,,,,,25,68,,,,,,33,10,33.3,69.7,109.0,,,,,,,,,,,,,,,,,,,,,,,,,,,,,,,,,,,,,,2010-2011,43.0
Vitória,30,12,7,11,36,37,-1,43,,,,,21,56,,,,,,37,10,33.3,72.6,135.0,,,,,,,,,,,,,,,,,,,,,,,,,,,,,,,,,,,,,,2010-2011,35.0
Nacional,30,11,9,10,28,31,-3,42,,,,,15,43,,,,,,31,11,36.7,75.4,126.0,,,,,,,,,,,,,,,,,,,,,,,,,,,,,,,,,,,,,,2010-2011,28.0
Paços de Ferreira,30,10,11,9,35,42,-7,41,,,,,19,51,,,,,,42,9,30.0,70.6,143.0,,,,,,,,,,,,,,,,,,,,,,,,,,,,,,,,,,,,,,2010-2011,32.0
Rio Ave,30,10,8,12,35,33,2,38,,,,,21,56,,,,,,33,11,36.7,73.4,124.0,,,,,,,,,,,,,,,,,,,,,,,,,,,,,,,,,,,,,,2010-2011,35.0
Marítimo,30,9,8,13,33,32,1,35,,,,,21,54,,,,,,32,8,26.7,71.9,114.0,,,,,,,,,,,,,,,,,,,,,,,,,,,,,,,,,,,,,,2010-2011,33.0
União de Leiria,30,9,8,13,25,38,-13,35,,,,,16,40,,,,,,38,10,33.3,67.0,115.0,,,,,,,,,,,,,,,,,,,,,,,,,,,,,,,,,,,,,,2010-2011,24.0
Olhanense,30,7,13,10,24,34,-10,34,,,,,18,41,,,,,,34,10,33.3,67.0,103.0,,,,,,,,,,,,,,,,,,,,,,,,,,,,,,,,,,,,,,2010-2011,23.0
Vitória Setúbal,30,8,10,12,29,42,-13,34,,,,,17,46,,,,,,42,8,26.7,70.2,141.0,,,,,,,,,,,,,,,,,,,,,,,,,,,,,,,,,,,,,,2010-2011,29.0
Beira-Mar,30,7,12,11,32,36,-4,33,,,,,26,58,,,,,,36,6,20.0,74.5,141.0,,,,,,,,,,,,,,,,,,,,,,,,,,,,,,,,,,,,,,2010-2011,32.0
Académica,30,7,9,14,32,48,-16,30,,,,,19,51,,,,,,48,7,23.3,66.7,144.0,,,,,,,,,,,,,,,,,,,,,,,,,,,,,,,,,,,,,,2010-2011,32.0
Portimonense,30,6,7,17,29,49,-20,25,,,,,20,48,,,,,,49,4,13.3,70.1,164.0,,,,,,,,,,,,,,,,,,,,,,,,,,,,,,,,,,,,,,2010-2011,28.0
Naval,30,5,8,17,26,51,-25,23,,,,,12,38,,,,,,51,4,13.3,67.1,155.0,,,,,,,,,,,,,,,,,,,,,,,,,,,,,,,,,,,,,,2010-2011,26.0
Benfica,30,24,4,2,78,20,58,76,,,,,51,128,,,,,,20,16,53.3,78.9,95.0,,,,,,,,,,,,,,,,,,,,,,,,,,,,,,,,,,,,,,2009-2010,77.0
Braga,30,22,5,3,48,20,28,71,,,,,26,73,,,,,,20,15,50.0,82.1,112.0,,,,,,,,,,,,,,,,,,,,,,,,,,,,,,,,,,,,,,2009-2010,47.0
Porto,30,21,5,4,70,26,44,68,,,,,36,106,,,,,,26,10,33.3,75.9,108.0,,,,,,,,,,,,,,,,,,,,,,,,,,,,,,,,,,,,,,2009-2010,70.0
Sporting CP,30,13,9,8,42,26,16,48,,,,,28,69,,,,,,26,12,40.0,78.5,121.0,,,,,,,,,,,,,,,,,,,,,,,,,,,,,,,,,,,,,,2009-2010,41.0
Marítimo,30,11,8,11,42,43,-1,41,,,,,14,53,,,,,,43,7,23.3,75.6,176.0,,,,,,,,,,,,,,,,,,,,,,,,,,,,,,,,,,,,,,2009-2010,39.0
Vitória,30,11,8,11,31,34,-3,41,,,,,23,54,,,,,,34,15,50.0,76.9,147.0,,,,,,,,,,,,,,,,,,,,,,,,,,,,,,,,,,,,,,2009-2010,31.0
Nacional,30,10,9,11,36,46,-10,39,,,,,16,52,,,,,,46,6,20.0,69.7,152.0,,,,,,,,,,,,,,,,,,,,,,,,,,,,,,,,,,,,,,2009-2010,36.0
Naval,30,10,6,14,20,35,-15,36,,,,,15,33,,,,,,35,11,36.7,76.4,148.0,,,,,,,,,,,,,,,,,,,,,,,,,,,,,,,,,,,,,,2009-2010,18.0
União de Leiria,30,9,8,13,35,41,-6,35,,,,,18,51,,,,,,41,10,33.3,,,,,,,,,,,,,,,,,,,,,,,,,,,,,,,,,,,,,,,,2009-2010,33.0
Paços de Ferreira,30,8,11,11,32,37,-5,35,,,,,12,42,,,,,,37,6,20.0,69.9,123.0,,,,,,,,,,,,,,,,,,,,,,,,,,,,,,,,,,,,,,2009-2010,30.0
Académica,30,8,9,13,37,42,-5,33,,,,,21,58,,,,,,42,8,26.7,68.7,134.0,,,,,,,,,,,,,,,,,,,,,,,,,,,,,,,,,,,,,,2009-2010,37.0
Rio Ave,30,6,13,11,22,33,-11,31,,,,,14,36,,,,,,33,13,43.3,77.4,146.0,,,,,,,,,,,,,,,,,,,,,,,,,,,,,,,,,,,,,,2009-2010,22.0
Olhanense,30,5,14,11,31,46,-15,29,,,,,15,46,,,,,,35,8,26.7,67.9,109.0,,,,,,,,,,,,,,,,,,,,,,,,,,,,,,,,,,,,,,2009-2010,31.0
Vitória Setúbal,30,5,10,15,29,57,-28,25,,,,,19,47,,,,,,57,6,20.0,62.0,150.0,,,,,,,,,,,,,,,,,,,,,,,,,,,,,,,,,,,,,,2009-2010,28.0
Belenenses,30,4,11,15,23,44,-21,23,,,,,9,32,,,,,,44,8,26.7,71.2,153.0,,,,,,,,,,,,,,,,,,,,,,,,,,,,,,,,,,,,,,2009-2010,23.0
Leixões,30,5,6,19,25,51,-26,21,,,,,14,38,,,,,,51,5,16.7,68.5,162.0,,,,,,,,,,,,,,,,,,,,,,,,,,,,,,,,,,,,,,2009-2010,24.0
Porto,30,21,7,2,61,18,43,70,,,,,38,99,,,,,,18,16,53.3,78.3,83.0,,,,,,,,,,,,,,,,,,,,,,,,,,,,,,,,,,,,,,2008-2009,61.0
Sporting CP,30,20,6,4,45,20,25,66,,,,,25,70,,,,,,20,15,50.0,80.4,102.0,,,,,,,,,,,,,,,,,,,,,,,,,,,,,,,,,,,,,,2008-2009,45.0
Benfica,30,17,8,5,54,32,22,59,,,,,24,77,,,,,,32,9,30.0,71.4,112.0,,,,,,,,,,,,,,,,,,,,,,,,,,,,,,,,,,,,,,2008-2009,53.0
Nacional,30,15,7,8,47,32,15,52,,,,,31,78,,,,,,32,10,33.3,77.8,144.0,,,,,,,,,,,,,,,,,,,,,,,,,,,,,,,,,,,,,,2008-2009,47.0
Braga,30,13,11,6,38,21,17,50,,,,,24,61,,,,,,21,15,50.0,79.4,102.0,,,,,,,,,,,,,,,,,,,,,,,,,,,,,,,,,,,,,,2008-2009,37.0
Leixões,30,12,9,9,30,31,-1,45,,,,,15,43,,,,,,31,12,40.0,73.0,115.0,,,,,,,,,,,,,,,,,,,,,,,,,,,,,,,,,,,,,,2008-2009,28.0
Académica,30,10,9,11,28,32,-4,39,,,,,15,43,,,,,,32,10,33.3,74.8,127.0,,,,,,,,,,,,,,,,,,,,,,,,,,,,,,,,,,,,,,2008-2009,28.0
Vitória,30,10,8,12,32,36,-4,38,,,,,18,48,,,,,,36,8,26.7,75.2,145.0,,,,,,,,,,,,,,,,,,,,,,,,,,,,,,,,,,,,,,2008-2009,30.0
Marítimo,30,9,10,11,35,36,-1,37,,,,,18,53,,,,,,36,10,33.3,75.0,144.0,,,,,,,,,,,,,,,,,,,,,,,,,,,,,,,,,,,,,,2008-2009,35.0
Paços de Ferreira,30,9,7,14,37,42,-5,34,,,,,15,51,,,,,,42,9,30.0,69.3,137.0,,,,,,,,,,,,,,,,,,,,,,,,,,,,,,,,,,,,,,2008-2009,36.0
Estrela,30,8,10,12,26,38,-12,34,,,,,13,39,,,,,,38,10,33.3,70.8,130.0,,,,,,,,,,,,,,,,,,,,,,,,,,,,,,,,,,,,,,2008-2009,26.0
Rio Ave,30,8,6,16,20,35,-15,30,,,,,9,29,,,,,,35,8,26.7,75.2,141.0,,,,,,,,,,,,,,,,,,,,,,,,,,,,,,,,,,,,,,2008-2009,20.0
Naval,30,7,8,15,25,39,-14,29,,,,,13,38,,,,,,39,7,23.3,72.1,140.0,,,,,,,,,,,,,,,,,,,,,,,,,,,,,,,,,,,,,,2008-2009,25.0
Vitória Setúbal,30,7,5,18,21,46,-25,26,,,,,6,27,,,,,,46,7,23.3,64.1,128.0,,,,,,,,,,,,,,,,,,,,,,,,,,,,,,,,,,,,,,2008-2009,21.0
Belenenses,30,5,9,16,28,52,-24,24,,,,,15,42,,,,,,52,4,13.3,71.9,185.0,,,,,,,,,,,,,,,,,,,,,,,,,,,,,,,,,,,,,,2008-2009,27.0
Trofense,30,5,8,17,25,42,-17,23,,,,,14,39,,,,,,42,8,26.7,74.9,167.0,,,,,,,,,,,,,,,,,,,,,,,,,,,,,,,,,,,,,,2008-2009,25.0
Porto,30,24,3,3,60,13,47,75,,,,,35,94,,,,,,13,21,70.0,88.0,108.0,,,,,,,,,,,,,,,,,,,,,,,,,,,,,,,,,,,,,,2007-2008,59.0
Sporting CP,30,16,7,7,46,28,18,55,,,,,26,72,,,,,,28,11,36.7,79.4,136.0,,,,,,,,,,,,,,,,,,,,,,,,,,,,,,,,,,,,,,2007-2008,46.0
Vitória,30,15,8,7,35,31,4,53,,,,,19,54,,,,,,31,15,50.0,75.2,125.0,,,,,,,,,,,,,,,,,,,,,,,,,,,,,,,,,,,,,,2007-2008,35.0
Benfica,30,13,13,4,45,21,24,52,,,,,25,69,,,,,,21,13,43.3,78.6,98.0,,,,,,,,,,,,,,,,,,,,,,,,,,,,,,,,,,,,,,2007-2008,44.0
Marítimo,30,14,4,12,39,28,11,46,,,,,20,59,,,,,,28,10,33.3,79.4,136.0,,,,,,,,,,,,,,,,,,,,,,,,,,,,,,,,,,,,,,2007-2008,39.0
Vitória Setúbal,30,11,12,7,37,33,4,45,,,,,19,55,,,,,,33,11,36.7,76.1,138.0,,,,,,,,,,,,,,,,,,,,,,,,,,,,,,,,,,,,,,2007-2008,36.0
Braga,30,10,11,9,32,34,-2,41,,,,,17,48,,,,,,31,12,40.0,75.4,126.0,,,,,,,,,,,,,,,,,,,,,,,,,,,,,,,,,,,,,,2007-2008,31.0
Belenenses,30,11,10,9,35,33,2,40,,,,,21,56,,,,,,32,8,26.7,74.4,125.0,,,,,,,,,,,,,,,,,,,,,,,,,,,,,,,,,,,,,,2007-2008,35.0
Boavista,30,8,12,10,32,41,-9,36,,,,,19,49,,,,,,41,11,36.7,73.7,156.0,,,,,,,,,,,,,,,,,,,,,,,,,,,,,,,,,,,,,,2007-2008,30.0
Nacional,30,9,8,13,23,28,-5,35,,,,,17,40,,,,,,28,12,40.0,79.4,136.0,,,,,,,,,,,,,,,,,,,,,,,,,,,,,,,,,,,,,,2007-2008,23.0
Naval,30,9,7,14,26,45,-19,34,,,,,19,43,,,,,,45,7,23.3,72.2,162.0,,,,,,,,,,,,,,,,,,,,,,,,,,,,,,,,,,,,,,2007-2008,24.0
Académica,30,6,14,10,31,38,-7,32,,,,,17,47,,,,,,38,11,36.7,75.6,156.0,,,,,,,,,,,,,,,,,,,,,,,,,,,,,,,,,,,,,,2007-2008,30.0
Estrela,30,6,13,11,29,41,-12,31,,,,,21,48,,,,,,41,9,30.0,71.9,146.0,,,,,,,,,,,,,,,,,,,,,,,,,,,,,,,,,,,,,,2007-2008,27.0
Leixões,30,4,14,12,27,37,-10,26,,,,,16,41,,,,,,37,6,20.0,76.1,155.0,,,,,,,,,,,,,,,,,,,,,,,,,,,,,,,,,,,,,,2007-2008,25.0
Paços de Ferreira,30,6,7,17,31,49,-18,25,,,,,20,50,,,,,,49,2,6.7,73.4,184.0,,,,,,,,,,,,,,,,,,,,,,,,,,,,,,,,,,,,,,2007-2008,30.0
União de Leiria,30,3,7,20,25,53,-28,16,,,,,18,43,,,,,,53,4,13.3,71.8,188.0,,,,,,,,,,,,,,,,,,,,,,,,,,,,,,,,,,,,,,2007-2008,25.0
Porto,30,22,3,5,65,20,45,69,,,,,34,96,,,,,,20,13,43.3,79.6,98.0,,,,,,,,,,,,,,,,,,,,,,,,,,,,,,,,,,,,,,2006-2007,62.0
Sporting CP,30,20,8,2,54,15,39,68,,,,,28,79,,,,,,15,19,63.3,86.4,110.0,,,,,,,,,,,,,,,,,,,,,,,,,,,,,,,,,,,,,,2006-2007,51.0
Benfica,30,20,7,3,55,20,35,67,,,,,27,79,,,,,,20,17,56.7,79.4,97.0,,,,,,,,,,,,,,,,,,,,,,,,,,,,,,,,,,,,,,2006-2007,52.0
Braga,30,14,8,8,35,30,5,50,,,,,22,55,,,,,,30,10,33.3,76.2,126.0,,,,,,,,,,,,,,,,,,,,,,,,,,,,,,,,,,,,,,2006-2007,33.0
Belenenses,30,15,4,11,36,29,7,49,,,,,21,57,,,,,,29,15,50.0,78.5,135.0,,,,,,,,,,,,,,,,,,,,,,,,,,,,,,,,,,,,,,2006-2007,36.0
Paços de Ferreira,30,10,12,8,31,36,-5,42,,,,,22,53,,,,,,36,9,30.0,76.3,152.0,,,,,,,,,,,,,,,,,,,,,,,,,,,,,,,,,,,,,,2006-2007,31.0
União de Leiria,30,10,11,9,25,27,-2,41,,,,,19,44,,,,,,27,14,46.7,81.6,147.0,,,,,,,,,,,,,,,,,,,,,,,,,,,,,,,,,,,,,,2006-2007,25.0
Nacional,30,11,6,13,41,38,3,39,,,,,21,59,,,,,,37,8,26.7,75.2,149.0,,,,,,,,,,,,,,,,,,,,,,,,,,,,,,,,,,,,,,2006-2007,38.0
Estrela,30,9,8,13,23,36,-13,35,,,,,16,38,,,,,,36,11,36.7,76.3,152.0,,,,,,,,,,,,,,,,,,,,,,,,,,,,,,,,,,,,,,2006-2007,22.0
Boavista,30,8,11,11,32,34,-2,35,,,,,20,52,,,,,,34,7,23.3,73.8,130.0,,,,,,,,,,,,,,,,,,,,,,,,,,,,,,,,,,,,,,2006-2007,32.0
Marítimo,30,8,8,14,30,44,-14,32,,,,,17,46,,,,,,44,5,16.7,73.3,165.0,,,,,,,,,,,,,,,,,,,,,,,,,,,,,,,,,,,,,,2006-2007,29.0
Naval,30,7,11,12,28,37,-9,32,,,,,19,46,,,,,,37,7,23.3,77.4,164.0,,,,,,,,,,,,,,,,,,,,,,,,,,,,,,,,,,,,,,2006-2007,27.0
Académica,30,6,8,16,28,46,-18,26,,,,,17,45,,,,,,46,6,20.0,72.6,168.0,,,,,,,,,,,,,,,,,,,,,,,,,,,,,,,,,,,,,,2006-2007,28.0
Vitória Setúbal,30,5,9,16,21,45,-24,24,,,,,16,36,,,,,,43,4,13.3,69.5,141.0,,,,,,,,,,,,,,,,,,,,,,,,,,,,,,,,,,,,,,2006-2007,20.0
Beira-Mar,30,4,11,15,28,55,-27,23,,,,,13,41,,,,,,55,5,16.7,66.5,164.0,,,,,,,,,,,,,,,,,,,,,,,,,,,,,,,,,,,,,,2006-2007,28.0
Aves,30,5,7,18,22,42,-20,22,,,,,9,30,,,,,,42,6,20.0,70.2,141.0,,,,,,,,,,,,,,,,,,,,,,,,,,,,,,,,,,,,,,2006-2007,21.0
Porto,34,24,7,3,54,16,38,79,,,,,29,81,,,,,,16,22,64.7,87.4,127.0,,,,,,,,,,,,,,,,,,,,,,,,,,,,,,,,,,,,,,2005-2006,52.0
Sporting CP,34,22,6,6,50,24,26,72,,,,,22,69,,,,,,24,17,50.0,82.4,136.0,,,,,,,,,,,,,,,,,,,,,,,,,,,,,,,,,,,,,,2005-2006,47.0
Benfica,34,20,7,7,51,29,22,67,,,,,29,78,,,,,,29,18,52.9,79.0,138.0,,,,,,,,,,,,,,,,,,,,,,,,,,,,,,,,,,,,,,2005-2006,49.0
Braga,34,17,7,10,38,22,16,58,,,,,27,63,,,,,,22,18,52.9,84.9,146.0,,,,,,,,,,,,,,,,,,,,,,,,,,,,,,,,,,,,,,2005-2006,36.0
Nacional,34,14,10,10,40,32,8,52,,,,,25,64,,,,,,32,14,41.2,80.2,162.0,,,,,,,,,,,,,,,,,,,,,,,,,,,,,,,,,,,,,,2005-2006,39.0
Boavista,34,12,14,8,37,29,8,50,,,,,23,60,,,,,,29,11,32.4,79.1,139.0,,,,,,,,,,,,,,,,,,,,,,,,,,,,,,,,,,,,,,2005-2006,37.0
União de Leiria,34,13,8,13,44,42,2,47,,,,,22,65,,,,,,42,8,23.5,72.9,155.0,,,,,,,,,,,,,,,,,,,,,,,,,,,,,,,,,,,,,,2005-2006,43.0
Vitória Setúbal,34,14,4,16,28,33,-5,46,,,,,17,45,,,,,,33,14,41.2,77.7,148.0,,,,,,,,,,,,,,,,,,,,,,,,,,,,,,,,,,,,,,2005-2006,28.0
Estrela,34,12,9,13,31,33,-2,45,,,,,20,51,,,,,,33,12,35.3,80.6,170.0,,,,,,,,,,,,,,,,,,,,,,,,,,,,,,,,,,,,,,2005-2006,31.0
Marítimo,34,10,14,10,38,37,1,44,,,,,22,59,,,,,,37,10,29.4,78.4,171.0,,,,,,,,,,,,,,,,,,,,,,,,,,,,,,,,,,,,,,2005-2006,37.0
Paços de Ferreira,34,11,9,14,38,49,-11,42,,,,,21,58,,,,,,49,6,17.6,73.1,182.0,,,,,,,,,,,,,,,,,,,,,,,,,,,,,,,,,,,,,,2005-2006,37.0
Gil Vicente,34,11,7,16,37,42,-5,40,,,,,23,58,,,,,,42,8,23.5,74.7,166.0,,,,,,,,,,,,,,,,,,,,,,,,,,,,,,,,,,,,,,2005-2006,35.0
Académica,34,10,9,15,37,48,-11,39,,,,,24,61,,,,,,48,12,35.3,75.3,194.0,,,,,,,,,,,,,,,,,,,,,,,,,,,,,,,,,,,,,,2005-2006,37.0
Naval,34,11,6,17,35,48,-13,39,,,,,22,56,,,,,,48,10,29.4,72.9,177.0,,,,,,,,,,,,,,,,,,,,,,,,,,,,,,,,,,,,,,2005-2006,34.0
Belenenses,34,11,6,17,40,42,-2,39,,,,,24,63,,,,,,42,9,26.5,76.8,181.0,,,,,,,,,,,,,,,,,,,,,,,,,,,,,,,,,,,,,,2005-2006,39.0
Rio Ave,34,8,10,16,34,53,-19,34,,,,,22,55,,,,,,56,7,20.6,69.6,184.0,,,,,,,,,,,,,,,,,,,,,,,,,,,,,,,,,,,,,,2005-2006,33.0
Vitória,34,8,10,16,28,41,-13,34,,,,,15,43,,,,,,41,9,26.5,75.6,168.0,,,,,,,,,,,,,,,,,,,,,,,,,,,,,,,,,,,,,,2005-2006,28.0
Penafiel,34,2,9,23,21,61,-40,15,,,,,16,35,,,,,,61,3,8.8,67.0,185.0,,,,,,,,,,,,,,,,,,,,,,,,,,,,,,,,,,,,,,2005-2006,19.0
